-- Módulo médico: 9 unidades reais, 10 médicos demo, perfis/gestores demo, escala (mar+abr/2026)
-- Rode no SQL Editor do Supabase (banco vazio ou após DROP das mesmas tabelas).
-- Migração de ambiente já populado: ver model/migrate_unidades_reais_supabase.sql
-- No app: DISABLE_PREDICTOR_SCHEDULER=true no .env evita erros se não houver tasy_raw_history/disponibilidade.
CREATE EXTENSION IF NOT EXISTS "uuid-ossp";

CREATE TABLE IF NOT EXISTS unidades (
    id UUID PRIMARY KEY DEFAULT gen_random_uuid(),
    nome TEXT NOT NULL,
    endereco TEXT,
    capacidade_media_atendimento INT DEFAULT 10,
    created_at TIMESTAMPTZ DEFAULT NOW()
);

CREATE TABLE IF NOT EXISTS medicos (
    id UUID PRIMARY KEY DEFAULT gen_random_uuid(),
    nome TEXT NOT NULL,
    usuario TEXT UNIQUE NOT NULL,
    telefone TEXT,
    especialidade TEXT NOT NULL,
    crm TEXT UNIQUE NOT NULL,
    senha TEXT,
    unidade_fixa_id UUID REFERENCES unidades (id) ON DELETE SET NULL,
    atendimento_padrao_por_periodo INT DEFAULT 10,
    created_at TIMESTAMPTZ DEFAULT NOW()
);

CREATE TABLE IF NOT EXISTS perfis (
    id UUID PRIMARY KEY DEFAULT gen_random_uuid(),
    nome TEXT NOT NULL,
    created_at TIMESTAMPTZ DEFAULT NOW()
);

CREATE TABLE IF NOT EXISTS gestores (
    id UUID PRIMARY KEY DEFAULT gen_random_uuid(),
    nome TEXT NOT NULL,
    usuario TEXT UNIQUE NOT NULL,
    senha TEXT,
    perfil_id UUID REFERENCES perfis (id) ON DELETE SET NULL,
    unidade_id UUID UNIQUE REFERENCES unidades (id) ON DELETE SET NULL,
    created_at TIMESTAMPTZ DEFAULT NOW()
);

CREATE TABLE IF NOT EXISTS medico_acessos_unidade (
    id UUID PRIMARY KEY DEFAULT gen_random_uuid(),
    medico_id UUID NOT NULL REFERENCES medicos (id) ON DELETE CASCADE,
    unidade_id UUID NOT NULL REFERENCES unidades (id) ON DELETE CASCADE,
    created_at TIMESTAMPTZ DEFAULT NOW(),
    UNIQUE (medico_id, unidade_id)
);

CREATE TABLE IF NOT EXISTS escala (
    id UUID PRIMARY KEY DEFAULT gen_random_uuid(),
    unidade_id UUID NOT NULL REFERENCES unidades (id) ON DELETE CASCADE,
    medico_id UUID NOT NULL REFERENCES medicos (id) ON DELETE CASCADE,
    data_plantao DATE NOT NULL,
    turno TEXT NOT NULL,
    created_at TIMESTAMPTZ DEFAULT NOW(),
    UNIQUE (unidade_id, data_plantao, turno, medico_id)
);

INSERT INTO unidades (id, nome, endereco, capacidade_media_atendimento)
VALUES
    ('b1000001-0000-4000-8000-000000000001', '001 - PS HOSPITAL VITÓRIA', 'Vitória, ES', 10),
    ('b1000001-0000-4000-8000-000000000002', '003 - PS VILA VELHA', 'Vila Velha, ES', 10),
    ('b1000001-0000-4000-8000-000000000003', '013 - PS SIG', 'Brasília, DF', 10),
    ('b1000001-0000-4000-8000-000000000004', '025 - PS BARRA DA TIJUCA', 'Rio de Janeiro, RJ', 10),
    ('b1000001-0000-4000-8000-000000000005', '026 - PS BOTAFOGO', 'Rio de Janeiro, RJ', 10),
    ('b1000001-0000-4000-8000-000000000006', '031 - PS GUTIERREZ', 'Belo Horizonte, MG', 10),
    ('b1000001-0000-4000-8000-000000000007', '033 - PS PAMPULHA', 'Belo Horizonte, MG', 10),
    ('b1000001-0000-4000-8000-000000000008', '039 - PS TAGUATINGA', 'Taguatinga, DF', 10),
    ('b1000001-0000-4000-8000-000000000009', '045 - PS CAMPO GRANDE', 'Rio de Janeiro, RJ', 10)
ON CONFLICT (id) DO NOTHING;

INSERT INTO medicos (id, nome, usuario, crm, telefone, especialidade, unidade_fixa_id, senha, atendimento_padrao_por_periodo)
VALUES
    ('c1000001-0000-4000-8000-000000000001', 'Maria Helena Duarte', 'maria.duarte', '52891-ES', '(27) 98888-1001', 'Clínica Médica', 'b1000001-0000-4000-8000-000000000001', '12345', 10),
    ('c1000001-0000-4000-8000-000000000002', 'Paulo Sérgio Nunes', 'paulo.nunes', '53902-ES', '(27) 97777-1002', 'Pediatria', 'b1000001-0000-4000-8000-000000000002', '12345', 10),
    ('c1000001-0000-4000-8000-000000000003', 'Amanda Cristina Ferreira', 'amanda.ferreira', '108234-RJ', '(21) 96666-2003', 'Emergência', 'b1000001-0000-4000-8000-000000000004', '12345', 10),
    ('c1000001-0000-4000-8000-000000000004', 'Rodrigo Antunes Vieira', 'rodrigo.vieira', '109345-RJ', '(21) 95555-2004', 'Cardiologia', 'b1000001-0000-4000-8000-000000000004', '12345', 10),
    ('c1000001-0000-4000-8000-000000000005', 'Letícia Martins Correia', 'leticia.correia', '45678-DF', '(61) 94444-3005', 'Clínica Médica', 'b1000001-0000-4000-8000-000000000003', '12345', 10),
    ('c1000001-0000-4000-8000-000000000006', 'Tiago Albuquerque Reis', 'tiago.reis', '46789-DF', '(61) 93333-3006', 'Ortopedia', 'b1000001-0000-4000-8000-000000000008', '12345', 10),
    ('c1000001-0000-4000-8000-000000000007', 'Beatriz Campos Lacerda', 'beatriz.lacerda', '87654-MG', '(31) 92222-4007', 'Pediatria', 'b1000001-0000-4000-8000-000000000006', '12345', 10),
    ('c1000001-0000-4000-8000-000000000008', 'Felipe Augusto Cunha', 'felipe.cunha', '88765-MG', '(31) 91111-4008', 'Emergência', 'b1000001-0000-4000-8000-000000000007', '12345', 10),
    ('c1000001-0000-4000-8000-000000000009', 'Larissa Prado Monteiro', 'larissa.monteiro', '112233-RJ', '(21) 90000-5009', 'Clínica Médica', 'b1000001-0000-4000-8000-000000000005', '12345', 10),
    ('c1000001-0000-4000-8000-000000000010', 'Gustavo Henrique Dias', 'gustavo.dias', '223344-RJ', '(21) 98888-6010', 'Cirurgia Geral', 'b1000001-0000-4000-8000-000000000009', '12345', 10)
ON CONFLICT (id) DO NOTHING;

INSERT INTO perfis (id, nome)
VALUES ('d1000001-0000-4000-8000-000000000001', 'GESTOR')
ON CONFLICT (id) DO NOTHING;

INSERT INTO perfis (id, nome)
VALUES ('d1000001-0000-4000-8000-000000000099', 'GESTOR_MASTER')
ON CONFLICT (id) DO NOTHING;

INSERT INTO gestores (id, nome, usuario, senha, perfil_id, unidade_id)
VALUES
    ('e1000001-0000-4000-8000-000000000001', 'Gestor administrativo (confirmar nome) — 001 - PS HOSPITAL VITÓRIA', 'gestor.001', '12345', 'd1000001-0000-4000-8000-000000000001', 'b1000001-0000-4000-8000-000000000001'),
    ('e1000001-0000-4000-8000-000000000002', 'Gestor administrativo (confirmar nome) — 003 - PS VILA VELHA', 'gestor.003', '12345', 'd1000001-0000-4000-8000-000000000001', 'b1000001-0000-4000-8000-000000000002'),
    ('e1000001-0000-4000-8000-000000000003', 'Gestor administrativo (confirmar nome) — 013 - PS SIG', 'gestor.013', '12345', 'd1000001-0000-4000-8000-000000000001', 'b1000001-0000-4000-8000-000000000003'),
    ('e1000001-0000-4000-8000-000000000004', 'Gestor administrativo (confirmar nome) — 025 - PS BARRA DA TIJUCA', 'gestor.025', '12345', 'd1000001-0000-4000-8000-000000000001', 'b1000001-0000-4000-8000-000000000004'),
    ('e1000001-0000-4000-8000-000000000005', 'Gestor administrativo (confirmar nome) — 026 - PS BOTAFOGO', 'gestor.026', '12345', 'd1000001-0000-4000-8000-000000000001', 'b1000001-0000-4000-8000-000000000005'),
    ('e1000001-0000-4000-8000-000000000006', 'Gestor administrativo (confirmar nome) — 031 - PS GUTIERREZ', 'gestor.031', '12345', 'd1000001-0000-4000-8000-000000000001', 'b1000001-0000-4000-8000-000000000006'),
    ('e1000001-0000-4000-8000-000000000007', 'Gestor administrativo (confirmar nome) — 033 - PS PAMPULHA', 'gestor.033', '12345', 'd1000001-0000-4000-8000-000000000001', 'b1000001-0000-4000-8000-000000000007'),
    ('e1000001-0000-4000-8000-000000000008', 'Gestor administrativo (confirmar nome) — 039 - PS TAGUATINGA', 'gestor.039', '12345', 'd1000001-0000-4000-8000-000000000001', 'b1000001-0000-4000-8000-000000000008'),
    ('e1000001-0000-4000-8000-000000000009', 'Gestor administrativo (confirmar nome) — 045 - PS CAMPO GRANDE', 'gestor.045', '12345', 'd1000001-0000-4000-8000-000000000001', 'b1000001-0000-4000-8000-000000000009'),
    ('e1000001-0000-4000-8000-000000000099', 'Gestor Master', 'gestor.master', '12345', 'd1000001-0000-4000-8000-000000000099', NULL)
ON CONFLICT (id) DO NOTHING;

INSERT INTO escala (id, unidade_id, medico_id, data_plantao, turno)
VALUES
    ('f1000001-0000-4000-8000-000000000001', 'b1000001-0000-4000-8000-000000000001', 'c1000001-0000-4000-8000-000000000001', '2026-03-01', 'Tarde'),
    ('f1000001-0000-4000-8000-000000000002', 'b1000001-0000-4000-8000-000000000001', 'c1000001-0000-4000-8000-000000000001', '2026-03-02', 'Noite'),
    ('f1000001-0000-4000-8000-000000000003', 'b1000001-0000-4000-8000-000000000001', 'c1000001-0000-4000-8000-000000000001', '2026-03-03', 'Madrugada'),
    ('f1000001-0000-4000-8000-000000000004', 'b1000001-0000-4000-8000-000000000001', 'c1000001-0000-4000-8000-000000000001', '2026-03-04', 'Manhã'),
    ('f1000001-0000-4000-8000-000000000005', 'b1000001-0000-4000-8000-000000000001', 'c1000001-0000-4000-8000-000000000001', '2026-03-06', 'Noite'),
    ('f1000001-0000-4000-8000-000000000006', 'b1000001-0000-4000-8000-000000000001', 'c1000001-0000-4000-8000-000000000001', '2026-03-08', 'Manhã'),
    ('f1000001-0000-4000-8000-000000000007', 'b1000001-0000-4000-8000-000000000001', 'c1000001-0000-4000-8000-000000000001', '2026-03-11', 'Madrugada'),
    ('f1000001-0000-4000-8000-000000000008', 'b1000001-0000-4000-8000-000000000001', 'c1000001-0000-4000-8000-000000000001', '2026-03-12', 'Manhã'),
    ('f1000001-0000-4000-8000-000000000009', 'b1000001-0000-4000-8000-000000000001', 'c1000001-0000-4000-8000-000000000001', '2026-03-16', 'Manhã'),
    ('f1000001-0000-4000-8000-000000000010', 'b1000001-0000-4000-8000-000000000001', 'c1000001-0000-4000-8000-000000000001', '2026-03-17', 'Tarde'),
    ('f1000001-0000-4000-8000-000000000011', 'b1000001-0000-4000-8000-000000000001', 'c1000001-0000-4000-8000-000000000001', '2026-03-19', 'Madrugada'),
    ('f1000001-0000-4000-8000-000000000012', 'b1000001-0000-4000-8000-000000000001', 'c1000001-0000-4000-8000-000000000001', '2026-03-22', 'Noite'),
    ('f1000001-0000-4000-8000-000000000013', 'b1000001-0000-4000-8000-000000000001', 'c1000001-0000-4000-8000-000000000001', '2026-03-23', 'Madrugada'),
    ('f1000001-0000-4000-8000-000000000014', 'b1000001-0000-4000-8000-000000000001', 'c1000001-0000-4000-8000-000000000001', '2026-03-24', 'Manhã'),
    ('f1000001-0000-4000-8000-000000000015', 'b1000001-0000-4000-8000-000000000001', 'c1000001-0000-4000-8000-000000000001', '2026-03-29', 'Tarde'),
    ('f1000001-0000-4000-8000-000000000016', 'b1000001-0000-4000-8000-000000000001', 'c1000001-0000-4000-8000-000000000001', '2026-03-31', 'Madrugada'),
    ('f1000001-0000-4000-8000-000000000017', 'b1000001-0000-4000-8000-000000000002', 'c1000001-0000-4000-8000-000000000002', '2026-03-01', 'Tarde'),
    ('f1000001-0000-4000-8000-000000000018', 'b1000001-0000-4000-8000-000000000002', 'c1000001-0000-4000-8000-000000000002', '2026-03-02', 'Noite'),
    ('f1000001-0000-4000-8000-000000000019', 'b1000001-0000-4000-8000-000000000002', 'c1000001-0000-4000-8000-000000000002', '2026-03-03', 'Madrugada'),
    ('f1000001-0000-4000-8000-000000000020', 'b1000001-0000-4000-8000-000000000002', 'c1000001-0000-4000-8000-000000000002', '2026-03-04', 'Manhã'),
    ('f1000001-0000-4000-8000-000000000021', 'b1000001-0000-4000-8000-000000000002', 'c1000001-0000-4000-8000-000000000002', '2026-03-06', 'Noite'),
    ('f1000001-0000-4000-8000-000000000022', 'b1000001-0000-4000-8000-000000000002', 'c1000001-0000-4000-8000-000000000002', '2026-03-08', 'Manhã'),
    ('f1000001-0000-4000-8000-000000000023', 'b1000001-0000-4000-8000-000000000002', 'c1000001-0000-4000-8000-000000000002', '2026-03-11', 'Madrugada'),
    ('f1000001-0000-4000-8000-000000000024', 'b1000001-0000-4000-8000-000000000002', 'c1000001-0000-4000-8000-000000000002', '2026-03-12', 'Manhã'),
    ('f1000001-0000-4000-8000-000000000025', 'b1000001-0000-4000-8000-000000000002', 'c1000001-0000-4000-8000-000000000002', '2026-03-16', 'Manhã'),
    ('f1000001-0000-4000-8000-000000000026', 'b1000001-0000-4000-8000-000000000002', 'c1000001-0000-4000-8000-000000000002', '2026-03-17', 'Tarde'),
    ('f1000001-0000-4000-8000-000000000027', 'b1000001-0000-4000-8000-000000000002', 'c1000001-0000-4000-8000-000000000002', '2026-03-19', 'Madrugada'),
    ('f1000001-0000-4000-8000-000000000028', 'b1000001-0000-4000-8000-000000000002', 'c1000001-0000-4000-8000-000000000002', '2026-03-22', 'Noite'),
    ('f1000001-0000-4000-8000-000000000029', 'b1000001-0000-4000-8000-000000000002', 'c1000001-0000-4000-8000-000000000002', '2026-03-23', 'Madrugada'),
    ('f1000001-0000-4000-8000-000000000030', 'b1000001-0000-4000-8000-000000000002', 'c1000001-0000-4000-8000-000000000002', '2026-03-24', 'Manhã'),
    ('f1000001-0000-4000-8000-000000000031', 'b1000001-0000-4000-8000-000000000002', 'c1000001-0000-4000-8000-000000000002', '2026-03-29', 'Tarde'),
    ('f1000001-0000-4000-8000-000000000032', 'b1000001-0000-4000-8000-000000000002', 'c1000001-0000-4000-8000-000000000002', '2026-03-31', 'Madrugada'),
    ('f1000001-0000-4000-8000-000000000033', 'b1000001-0000-4000-8000-000000000003', 'c1000001-0000-4000-8000-000000000005', '2026-03-01', 'Tarde'),
    ('f1000001-0000-4000-8000-000000000034', 'b1000001-0000-4000-8000-000000000003', 'c1000001-0000-4000-8000-000000000005', '2026-03-02', 'Noite'),
    ('f1000001-0000-4000-8000-000000000035', 'b1000001-0000-4000-8000-000000000003', 'c1000001-0000-4000-8000-000000000005', '2026-03-03', 'Madrugada'),
    ('f1000001-0000-4000-8000-000000000036', 'b1000001-0000-4000-8000-000000000003', 'c1000001-0000-4000-8000-000000000005', '2026-03-04', 'Manhã'),
    ('f1000001-0000-4000-8000-000000000037', 'b1000001-0000-4000-8000-000000000003', 'c1000001-0000-4000-8000-000000000005', '2026-03-06', 'Noite'),
    ('f1000001-0000-4000-8000-000000000038', 'b1000001-0000-4000-8000-000000000003', 'c1000001-0000-4000-8000-000000000005', '2026-03-08', 'Manhã'),
    ('f1000001-0000-4000-8000-000000000039', 'b1000001-0000-4000-8000-000000000003', 'c1000001-0000-4000-8000-000000000005', '2026-03-11', 'Madrugada'),
    ('f1000001-0000-4000-8000-000000000040', 'b1000001-0000-4000-8000-000000000003', 'c1000001-0000-4000-8000-000000000005', '2026-03-12', 'Manhã'),
    ('f1000001-0000-4000-8000-000000000041', 'b1000001-0000-4000-8000-000000000003', 'c1000001-0000-4000-8000-000000000005', '2026-03-16', 'Manhã'),
    ('f1000001-0000-4000-8000-000000000042', 'b1000001-0000-4000-8000-000000000003', 'c1000001-0000-4000-8000-000000000005', '2026-03-17', 'Tarde'),
    ('f1000001-0000-4000-8000-000000000043', 'b1000001-0000-4000-8000-000000000003', 'c1000001-0000-4000-8000-000000000005', '2026-03-19', 'Madrugada'),
    ('f1000001-0000-4000-8000-000000000044', 'b1000001-0000-4000-8000-000000000003', 'c1000001-0000-4000-8000-000000000005', '2026-03-22', 'Noite'),
    ('f1000001-0000-4000-8000-000000000045', 'b1000001-0000-4000-8000-000000000003', 'c1000001-0000-4000-8000-000000000005', '2026-03-23', 'Madrugada'),
    ('f1000001-0000-4000-8000-000000000046', 'b1000001-0000-4000-8000-000000000003', 'c1000001-0000-4000-8000-000000000005', '2026-03-24', 'Manhã'),
    ('f1000001-0000-4000-8000-000000000047', 'b1000001-0000-4000-8000-000000000003', 'c1000001-0000-4000-8000-000000000005', '2026-03-29', 'Tarde'),
    ('f1000001-0000-4000-8000-000000000048', 'b1000001-0000-4000-8000-000000000003', 'c1000001-0000-4000-8000-000000000005', '2026-03-31', 'Madrugada'),
    ('f1000001-0000-4000-8000-000000000049', 'b1000001-0000-4000-8000-000000000004', 'c1000001-0000-4000-8000-000000000003', '2026-03-01', 'Tarde'),
    ('f1000001-0000-4000-8000-000000000050', 'b1000001-0000-4000-8000-000000000004', 'c1000001-0000-4000-8000-000000000004', '2026-03-01', 'Noite'),
    ('f1000001-0000-4000-8000-000000000051', 'b1000001-0000-4000-8000-000000000004', 'c1000001-0000-4000-8000-000000000003', '2026-03-02', 'Noite'),
    ('f1000001-0000-4000-8000-000000000052', 'b1000001-0000-4000-8000-000000000004', 'c1000001-0000-4000-8000-000000000004', '2026-03-02', 'Madrugada'),
    ('f1000001-0000-4000-8000-000000000053', 'b1000001-0000-4000-8000-000000000004', 'c1000001-0000-4000-8000-000000000003', '2026-03-03', 'Madrugada'),
    ('f1000001-0000-4000-8000-000000000054', 'b1000001-0000-4000-8000-000000000004', 'c1000001-0000-4000-8000-000000000004', '2026-03-03', 'Manhã'),
    ('f1000001-0000-4000-8000-000000000055', 'b1000001-0000-4000-8000-000000000004', 'c1000001-0000-4000-8000-000000000003', '2026-03-04', 'Manhã'),
    ('f1000001-0000-4000-8000-000000000056', 'b1000001-0000-4000-8000-000000000004', 'c1000001-0000-4000-8000-000000000004', '2026-03-05', 'Noite'),
    ('f1000001-0000-4000-8000-000000000057', 'b1000001-0000-4000-8000-000000000004', 'c1000001-0000-4000-8000-000000000003', '2026-03-06', 'Noite'),
    ('f1000001-0000-4000-8000-000000000058', 'b1000001-0000-4000-8000-000000000004', 'c1000001-0000-4000-8000-000000000004', '2026-03-06', 'Madrugada'),
    ('f1000001-0000-4000-8000-000000000059', 'b1000001-0000-4000-8000-000000000004', 'c1000001-0000-4000-8000-000000000003', '2026-03-08', 'Manhã'),
    ('f1000001-0000-4000-8000-000000000060', 'b1000001-0000-4000-8000-000000000004', 'c1000001-0000-4000-8000-000000000003', '2026-03-09', 'Tarde'),
    ('f1000001-0000-4000-8000-000000000061', 'b1000001-0000-4000-8000-000000000004', 'c1000001-0000-4000-8000-000000000004', '2026-03-10', 'Madrugada'),
    ('f1000001-0000-4000-8000-000000000062', 'b1000001-0000-4000-8000-000000000004', 'c1000001-0000-4000-8000-000000000003', '2026-03-11', 'Madrugada'),
    ('f1000001-0000-4000-8000-000000000063', 'b1000001-0000-4000-8000-000000000004', 'c1000001-0000-4000-8000-000000000004', '2026-03-11', 'Manhã'),
    ('f1000001-0000-4000-8000-000000000064', 'b1000001-0000-4000-8000-000000000004', 'c1000001-0000-4000-8000-000000000003', '2026-03-12', 'Manhã'),
    ('f1000001-0000-4000-8000-000000000065', 'b1000001-0000-4000-8000-000000000004', 'c1000001-0000-4000-8000-000000000004', '2026-03-15', 'Manhã'),
    ('f1000001-0000-4000-8000-000000000066', 'b1000001-0000-4000-8000-000000000004', 'c1000001-0000-4000-8000-000000000003', '2026-03-16', 'Manhã'),
    ('f1000001-0000-4000-8000-000000000067', 'b1000001-0000-4000-8000-000000000004', 'c1000001-0000-4000-8000-000000000003', '2026-03-17', 'Tarde'),
    ('f1000001-0000-4000-8000-000000000068', 'b1000001-0000-4000-8000-000000000004', 'c1000001-0000-4000-8000-000000000004', '2026-03-17', 'Noite'),
    ('f1000001-0000-4000-8000-000000000069', 'b1000001-0000-4000-8000-000000000004', 'c1000001-0000-4000-8000-000000000003', '2026-03-18', 'Noite'),
    ('f1000001-0000-4000-8000-000000000070', 'b1000001-0000-4000-8000-000000000004', 'c1000001-0000-4000-8000-000000000003', '2026-03-19', 'Madrugada'),
    ('f1000001-0000-4000-8000-000000000071', 'b1000001-0000-4000-8000-000000000004', 'c1000001-0000-4000-8000-000000000004', '2026-03-19', 'Manhã'),
    ('f1000001-0000-4000-8000-000000000072', 'b1000001-0000-4000-8000-000000000004', 'c1000001-0000-4000-8000-000000000003', '2026-03-22', 'Noite'),
    ('f1000001-0000-4000-8000-000000000073', 'b1000001-0000-4000-8000-000000000004', 'c1000001-0000-4000-8000-000000000004', '2026-03-22', 'Madrugada'),
    ('f1000001-0000-4000-8000-000000000074', 'b1000001-0000-4000-8000-000000000004', 'c1000001-0000-4000-8000-000000000003', '2026-03-23', 'Madrugada'),
    ('f1000001-0000-4000-8000-000000000075', 'b1000001-0000-4000-8000-000000000004', 'c1000001-0000-4000-8000-000000000004', '2026-03-23', 'Manhã'),
    ('f1000001-0000-4000-8000-000000000076', 'b1000001-0000-4000-8000-000000000004', 'c1000001-0000-4000-8000-000000000003', '2026-03-24', 'Manhã'),
    ('f1000001-0000-4000-8000-000000000077', 'b1000001-0000-4000-8000-000000000004', 'c1000001-0000-4000-8000-000000000004', '2026-03-25', 'Noite'),
    ('f1000001-0000-4000-8000-000000000078', 'b1000001-0000-4000-8000-000000000004', 'c1000001-0000-4000-8000-000000000003', '2026-03-27', 'Madrugada'),
    ('f1000001-0000-4000-8000-000000000079', 'b1000001-0000-4000-8000-000000000004', 'c1000001-0000-4000-8000-000000000003', '2026-03-29', 'Tarde'),
    ('f1000001-0000-4000-8000-000000000080', 'b1000001-0000-4000-8000-000000000004', 'c1000001-0000-4000-8000-000000000004', '2026-03-29', 'Noite'),
    ('f1000001-0000-4000-8000-000000000081', 'b1000001-0000-4000-8000-000000000004', 'c1000001-0000-4000-8000-000000000004', '2026-03-30', 'Madrugada'),
    ('f1000001-0000-4000-8000-000000000082', 'b1000001-0000-4000-8000-000000000004', 'c1000001-0000-4000-8000-000000000003', '2026-03-31', 'Madrugada'),
    ('f1000001-0000-4000-8000-000000000083', 'b1000001-0000-4000-8000-000000000004', 'c1000001-0000-4000-8000-000000000004', '2026-03-31', 'Manhã'),
    ('f1000001-0000-4000-8000-000000000084', 'b1000001-0000-4000-8000-000000000005', 'c1000001-0000-4000-8000-000000000009', '2026-03-01', 'Tarde'),
    ('f1000001-0000-4000-8000-000000000085', 'b1000001-0000-4000-8000-000000000005', 'c1000001-0000-4000-8000-000000000009', '2026-03-02', 'Noite'),
    ('f1000001-0000-4000-8000-000000000086', 'b1000001-0000-4000-8000-000000000005', 'c1000001-0000-4000-8000-000000000009', '2026-03-03', 'Madrugada'),
    ('f1000001-0000-4000-8000-000000000087', 'b1000001-0000-4000-8000-000000000005', 'c1000001-0000-4000-8000-000000000009', '2026-03-04', 'Manhã'),
    ('f1000001-0000-4000-8000-000000000088', 'b1000001-0000-4000-8000-000000000005', 'c1000001-0000-4000-8000-000000000009', '2026-03-06', 'Noite'),
    ('f1000001-0000-4000-8000-000000000089', 'b1000001-0000-4000-8000-000000000005', 'c1000001-0000-4000-8000-000000000009', '2026-03-08', 'Manhã'),
    ('f1000001-0000-4000-8000-000000000090', 'b1000001-0000-4000-8000-000000000005', 'c1000001-0000-4000-8000-000000000009', '2026-03-11', 'Madrugada'),
    ('f1000001-0000-4000-8000-000000000091', 'b1000001-0000-4000-8000-000000000005', 'c1000001-0000-4000-8000-000000000009', '2026-03-12', 'Manhã'),
    ('f1000001-0000-4000-8000-000000000092', 'b1000001-0000-4000-8000-000000000005', 'c1000001-0000-4000-8000-000000000009', '2026-03-16', 'Manhã'),
    ('f1000001-0000-4000-8000-000000000093', 'b1000001-0000-4000-8000-000000000005', 'c1000001-0000-4000-8000-000000000009', '2026-03-17', 'Tarde'),
    ('f1000001-0000-4000-8000-000000000094', 'b1000001-0000-4000-8000-000000000005', 'c1000001-0000-4000-8000-000000000009', '2026-03-19', 'Madrugada'),
    ('f1000001-0000-4000-8000-000000000095', 'b1000001-0000-4000-8000-000000000005', 'c1000001-0000-4000-8000-000000000009', '2026-03-22', 'Noite'),
    ('f1000001-0000-4000-8000-000000000096', 'b1000001-0000-4000-8000-000000000005', 'c1000001-0000-4000-8000-000000000009', '2026-03-23', 'Madrugada'),
    ('f1000001-0000-4000-8000-000000000097', 'b1000001-0000-4000-8000-000000000005', 'c1000001-0000-4000-8000-000000000009', '2026-03-24', 'Manhã'),
    ('f1000001-0000-4000-8000-000000000098', 'b1000001-0000-4000-8000-000000000005', 'c1000001-0000-4000-8000-000000000009', '2026-03-29', 'Tarde'),
    ('f1000001-0000-4000-8000-000000000099', 'b1000001-0000-4000-8000-000000000005', 'c1000001-0000-4000-8000-000000000009', '2026-03-31', 'Madrugada'),
    ('f1000001-0000-4000-8000-000000000100', 'b1000001-0000-4000-8000-000000000006', 'c1000001-0000-4000-8000-000000000007', '2026-03-01', 'Tarde'),
    ('f1000001-0000-4000-8000-000000000101', 'b1000001-0000-4000-8000-000000000006', 'c1000001-0000-4000-8000-000000000007', '2026-03-02', 'Noite'),
    ('f1000001-0000-4000-8000-000000000102', 'b1000001-0000-4000-8000-000000000006', 'c1000001-0000-4000-8000-000000000007', '2026-03-03', 'Madrugada'),
    ('f1000001-0000-4000-8000-000000000103', 'b1000001-0000-4000-8000-000000000006', 'c1000001-0000-4000-8000-000000000007', '2026-03-04', 'Manhã'),
    ('f1000001-0000-4000-8000-000000000104', 'b1000001-0000-4000-8000-000000000006', 'c1000001-0000-4000-8000-000000000007', '2026-03-06', 'Noite'),
    ('f1000001-0000-4000-8000-000000000105', 'b1000001-0000-4000-8000-000000000006', 'c1000001-0000-4000-8000-000000000007', '2026-03-08', 'Manhã'),
    ('f1000001-0000-4000-8000-000000000106', 'b1000001-0000-4000-8000-000000000006', 'c1000001-0000-4000-8000-000000000007', '2026-03-11', 'Madrugada'),
    ('f1000001-0000-4000-8000-000000000107', 'b1000001-0000-4000-8000-000000000006', 'c1000001-0000-4000-8000-000000000007', '2026-03-12', 'Manhã'),
    ('f1000001-0000-4000-8000-000000000108', 'b1000001-0000-4000-8000-000000000006', 'c1000001-0000-4000-8000-000000000007', '2026-03-16', 'Manhã'),
    ('f1000001-0000-4000-8000-000000000109', 'b1000001-0000-4000-8000-000000000006', 'c1000001-0000-4000-8000-000000000007', '2026-03-17', 'Tarde'),
    ('f1000001-0000-4000-8000-000000000110', 'b1000001-0000-4000-8000-000000000006', 'c1000001-0000-4000-8000-000000000007', '2026-03-19', 'Madrugada'),
    ('f1000001-0000-4000-8000-000000000111', 'b1000001-0000-4000-8000-000000000006', 'c1000001-0000-4000-8000-000000000007', '2026-03-22', 'Noite'),
    ('f1000001-0000-4000-8000-000000000112', 'b1000001-0000-4000-8000-000000000006', 'c1000001-0000-4000-8000-000000000007', '2026-03-23', 'Madrugada'),
    ('f1000001-0000-4000-8000-000000000113', 'b1000001-0000-4000-8000-000000000006', 'c1000001-0000-4000-8000-000000000007', '2026-03-24', 'Manhã'),
    ('f1000001-0000-4000-8000-000000000114', 'b1000001-0000-4000-8000-000000000006', 'c1000001-0000-4000-8000-000000000007', '2026-03-29', 'Tarde'),
    ('f1000001-0000-4000-8000-000000000115', 'b1000001-0000-4000-8000-000000000006', 'c1000001-0000-4000-8000-000000000007', '2026-03-31', 'Madrugada'),
    ('f1000001-0000-4000-8000-000000000116', 'b1000001-0000-4000-8000-000000000007', 'c1000001-0000-4000-8000-000000000008', '2026-03-01', 'Tarde'),
    ('f1000001-0000-4000-8000-000000000117', 'b1000001-0000-4000-8000-000000000007', 'c1000001-0000-4000-8000-000000000008', '2026-03-02', 'Noite'),
    ('f1000001-0000-4000-8000-000000000118', 'b1000001-0000-4000-8000-000000000007', 'c1000001-0000-4000-8000-000000000008', '2026-03-03', 'Madrugada'),
    ('f1000001-0000-4000-8000-000000000119', 'b1000001-0000-4000-8000-000000000007', 'c1000001-0000-4000-8000-000000000008', '2026-03-04', 'Manhã'),
    ('f1000001-0000-4000-8000-000000000120', 'b1000001-0000-4000-8000-000000000007', 'c1000001-0000-4000-8000-000000000008', '2026-03-06', 'Noite'),
    ('f1000001-0000-4000-8000-000000000121', 'b1000001-0000-4000-8000-000000000007', 'c1000001-0000-4000-8000-000000000008', '2026-03-08', 'Manhã'),
    ('f1000001-0000-4000-8000-000000000122', 'b1000001-0000-4000-8000-000000000007', 'c1000001-0000-4000-8000-000000000008', '2026-03-11', 'Madrugada'),
    ('f1000001-0000-4000-8000-000000000123', 'b1000001-0000-4000-8000-000000000007', 'c1000001-0000-4000-8000-000000000008', '2026-03-12', 'Manhã'),
    ('f1000001-0000-4000-8000-000000000124', 'b1000001-0000-4000-8000-000000000007', 'c1000001-0000-4000-8000-000000000008', '2026-03-16', 'Manhã'),
    ('f1000001-0000-4000-8000-000000000125', 'b1000001-0000-4000-8000-000000000007', 'c1000001-0000-4000-8000-000000000008', '2026-03-17', 'Tarde'),
    ('f1000001-0000-4000-8000-000000000126', 'b1000001-0000-4000-8000-000000000007', 'c1000001-0000-4000-8000-000000000008', '2026-03-19', 'Madrugada'),
    ('f1000001-0000-4000-8000-000000000127', 'b1000001-0000-4000-8000-000000000007', 'c1000001-0000-4000-8000-000000000008', '2026-03-22', 'Noite'),
    ('f1000001-0000-4000-8000-000000000128', 'b1000001-0000-4000-8000-000000000007', 'c1000001-0000-4000-8000-000000000008', '2026-03-23', 'Madrugada'),
    ('f1000001-0000-4000-8000-000000000129', 'b1000001-0000-4000-8000-000000000007', 'c1000001-0000-4000-8000-000000000008', '2026-03-24', 'Manhã'),
    ('f1000001-0000-4000-8000-000000000130', 'b1000001-0000-4000-8000-000000000007', 'c1000001-0000-4000-8000-000000000008', '2026-03-29', 'Tarde'),
    ('f1000001-0000-4000-8000-000000000131', 'b1000001-0000-4000-8000-000000000007', 'c1000001-0000-4000-8000-000000000008', '2026-03-31', 'Madrugada'),
    ('f1000001-0000-4000-8000-000000000132', 'b1000001-0000-4000-8000-000000000008', 'c1000001-0000-4000-8000-000000000006', '2026-03-01', 'Tarde'),
    ('f1000001-0000-4000-8000-000000000133', 'b1000001-0000-4000-8000-000000000008', 'c1000001-0000-4000-8000-000000000006', '2026-03-02', 'Noite'),
    ('f1000001-0000-4000-8000-000000000134', 'b1000001-0000-4000-8000-000000000008', 'c1000001-0000-4000-8000-000000000006', '2026-03-03', 'Madrugada'),
    ('f1000001-0000-4000-8000-000000000135', 'b1000001-0000-4000-8000-000000000008', 'c1000001-0000-4000-8000-000000000006', '2026-03-04', 'Manhã'),
    ('f1000001-0000-4000-8000-000000000136', 'b1000001-0000-4000-8000-000000000008', 'c1000001-0000-4000-8000-000000000006', '2026-03-06', 'Noite'),
    ('f1000001-0000-4000-8000-000000000137', 'b1000001-0000-4000-8000-000000000008', 'c1000001-0000-4000-8000-000000000006', '2026-03-08', 'Manhã'),
    ('f1000001-0000-4000-8000-000000000138', 'b1000001-0000-4000-8000-000000000008', 'c1000001-0000-4000-8000-000000000006', '2026-03-11', 'Madrugada'),
    ('f1000001-0000-4000-8000-000000000139', 'b1000001-0000-4000-8000-000000000008', 'c1000001-0000-4000-8000-000000000006', '2026-03-12', 'Manhã'),
    ('f1000001-0000-4000-8000-000000000140', 'b1000001-0000-4000-8000-000000000008', 'c1000001-0000-4000-8000-000000000006', '2026-03-16', 'Manhã'),
    ('f1000001-0000-4000-8000-000000000141', 'b1000001-0000-4000-8000-000000000008', 'c1000001-0000-4000-8000-000000000006', '2026-03-17', 'Tarde'),
    ('f1000001-0000-4000-8000-000000000142', 'b1000001-0000-4000-8000-000000000008', 'c1000001-0000-4000-8000-000000000006', '2026-03-19', 'Madrugada'),
    ('f1000001-0000-4000-8000-000000000143', 'b1000001-0000-4000-8000-000000000008', 'c1000001-0000-4000-8000-000000000006', '2026-03-22', 'Noite'),
    ('f1000001-0000-4000-8000-000000000144', 'b1000001-0000-4000-8000-000000000008', 'c1000001-0000-4000-8000-000000000006', '2026-03-23', 'Madrugada'),
    ('f1000001-0000-4000-8000-000000000145', 'b1000001-0000-4000-8000-000000000008', 'c1000001-0000-4000-8000-000000000006', '2026-03-24', 'Manhã'),
    ('f1000001-0000-4000-8000-000000000146', 'b1000001-0000-4000-8000-000000000008', 'c1000001-0000-4000-8000-000000000006', '2026-03-29', 'Tarde'),
    ('f1000001-0000-4000-8000-000000000147', 'b1000001-0000-4000-8000-000000000008', 'c1000001-0000-4000-8000-000000000006', '2026-03-31', 'Madrugada'),
    ('f1000001-0000-4000-8000-000000000148', 'b1000001-0000-4000-8000-000000000009', 'c1000001-0000-4000-8000-000000000010', '2026-03-01', 'Tarde'),
    ('f1000001-0000-4000-8000-000000000149', 'b1000001-0000-4000-8000-000000000009', 'c1000001-0000-4000-8000-000000000010', '2026-03-02', 'Noite'),
    ('f1000001-0000-4000-8000-000000000150', 'b1000001-0000-4000-8000-000000000009', 'c1000001-0000-4000-8000-000000000010', '2026-03-03', 'Madrugada'),
    ('f1000001-0000-4000-8000-000000000151', 'b1000001-0000-4000-8000-000000000009', 'c1000001-0000-4000-8000-000000000010', '2026-03-04', 'Manhã'),
    ('f1000001-0000-4000-8000-000000000152', 'b1000001-0000-4000-8000-000000000009', 'c1000001-0000-4000-8000-000000000010', '2026-03-06', 'Noite'),
    ('f1000001-0000-4000-8000-000000000153', 'b1000001-0000-4000-8000-000000000009', 'c1000001-0000-4000-8000-000000000010', '2026-03-08', 'Manhã'),
    ('f1000001-0000-4000-8000-000000000154', 'b1000001-0000-4000-8000-000000000009', 'c1000001-0000-4000-8000-000000000010', '2026-03-11', 'Madrugada'),
    ('f1000001-0000-4000-8000-000000000155', 'b1000001-0000-4000-8000-000000000009', 'c1000001-0000-4000-8000-000000000010', '2026-03-12', 'Manhã'),
    ('f1000001-0000-4000-8000-000000000156', 'b1000001-0000-4000-8000-000000000009', 'c1000001-0000-4000-8000-000000000010', '2026-03-16', 'Manhã'),
    ('f1000001-0000-4000-8000-000000000157', 'b1000001-0000-4000-8000-000000000009', 'c1000001-0000-4000-8000-000000000010', '2026-03-17', 'Tarde'),
    ('f1000001-0000-4000-8000-000000000158', 'b1000001-0000-4000-8000-000000000009', 'c1000001-0000-4000-8000-000000000010', '2026-03-19', 'Madrugada'),
    ('f1000001-0000-4000-8000-000000000159', 'b1000001-0000-4000-8000-000000000009', 'c1000001-0000-4000-8000-000000000010', '2026-03-22', 'Noite'),
    ('f1000001-0000-4000-8000-000000000160', 'b1000001-0000-4000-8000-000000000009', 'c1000001-0000-4000-8000-000000000010', '2026-03-23', 'Madrugada'),
    ('f1000001-0000-4000-8000-000000000161', 'b1000001-0000-4000-8000-000000000009', 'c1000001-0000-4000-8000-000000000010', '2026-03-24', 'Manhã'),
    ('f1000001-0000-4000-8000-000000000162', 'b1000001-0000-4000-8000-000000000009', 'c1000001-0000-4000-8000-000000000010', '2026-03-29', 'Tarde'),
    ('f1000001-0000-4000-8000-000000000163', 'b1000001-0000-4000-8000-000000000009', 'c1000001-0000-4000-8000-000000000010', '2026-03-31', 'Madrugada'),
    ('f1000001-0000-4000-8000-000000000164', 'b1000001-0000-4000-8000-000000000001', 'c1000001-0000-4000-8000-000000000001', '2026-04-01', 'Tarde'),
    ('f1000001-0000-4000-8000-000000000165', 'b1000001-0000-4000-8000-000000000001', 'c1000001-0000-4000-8000-000000000001', '2026-04-02', 'Noite'),
    ('f1000001-0000-4000-8000-000000000166', 'b1000001-0000-4000-8000-000000000001', 'c1000001-0000-4000-8000-000000000001', '2026-04-03', 'Madrugada'),
    ('f1000001-0000-4000-8000-000000000167', 'b1000001-0000-4000-8000-000000000001', 'c1000001-0000-4000-8000-000000000001', '2026-04-04', 'Manhã'),
    ('f1000001-0000-4000-8000-000000000168', 'b1000001-0000-4000-8000-000000000001', 'c1000001-0000-4000-8000-000000000001', '2026-04-06', 'Noite'),
    ('f1000001-0000-4000-8000-000000000169', 'b1000001-0000-4000-8000-000000000001', 'c1000001-0000-4000-8000-000000000001', '2026-04-08', 'Manhã'),
    ('f1000001-0000-4000-8000-000000000170', 'b1000001-0000-4000-8000-000000000001', 'c1000001-0000-4000-8000-000000000001', '2026-04-11', 'Madrugada'),
    ('f1000001-0000-4000-8000-000000000171', 'b1000001-0000-4000-8000-000000000001', 'c1000001-0000-4000-8000-000000000001', '2026-04-12', 'Manhã'),
    ('f1000001-0000-4000-8000-000000000172', 'b1000001-0000-4000-8000-000000000001', 'c1000001-0000-4000-8000-000000000001', '2026-04-16', 'Manhã'),
    ('f1000001-0000-4000-8000-000000000173', 'b1000001-0000-4000-8000-000000000001', 'c1000001-0000-4000-8000-000000000001', '2026-04-17', 'Tarde'),
    ('f1000001-0000-4000-8000-000000000174', 'b1000001-0000-4000-8000-000000000001', 'c1000001-0000-4000-8000-000000000001', '2026-04-19', 'Madrugada'),
    ('f1000001-0000-4000-8000-000000000175', 'b1000001-0000-4000-8000-000000000001', 'c1000001-0000-4000-8000-000000000001', '2026-04-22', 'Noite'),
    ('f1000001-0000-4000-8000-000000000176', 'b1000001-0000-4000-8000-000000000001', 'c1000001-0000-4000-8000-000000000001', '2026-04-23', 'Madrugada'),
    ('f1000001-0000-4000-8000-000000000177', 'b1000001-0000-4000-8000-000000000001', 'c1000001-0000-4000-8000-000000000001', '2026-04-24', 'Manhã'),
    ('f1000001-0000-4000-8000-000000000178', 'b1000001-0000-4000-8000-000000000001', 'c1000001-0000-4000-8000-000000000001', '2026-04-29', 'Tarde'),
    ('f1000001-0000-4000-8000-000000000179', 'b1000001-0000-4000-8000-000000000002', 'c1000001-0000-4000-8000-000000000002', '2026-04-01', 'Tarde'),
    ('f1000001-0000-4000-8000-000000000180', 'b1000001-0000-4000-8000-000000000002', 'c1000001-0000-4000-8000-000000000002', '2026-04-02', 'Noite'),
    ('f1000001-0000-4000-8000-000000000181', 'b1000001-0000-4000-8000-000000000002', 'c1000001-0000-4000-8000-000000000002', '2026-04-03', 'Madrugada'),
    ('f1000001-0000-4000-8000-000000000182', 'b1000001-0000-4000-8000-000000000002', 'c1000001-0000-4000-8000-000000000002', '2026-04-04', 'Manhã'),
    ('f1000001-0000-4000-8000-000000000183', 'b1000001-0000-4000-8000-000000000002', 'c1000001-0000-4000-8000-000000000002', '2026-04-06', 'Noite'),
    ('f1000001-0000-4000-8000-000000000184', 'b1000001-0000-4000-8000-000000000002', 'c1000001-0000-4000-8000-000000000002', '2026-04-08', 'Manhã'),
    ('f1000001-0000-4000-8000-000000000185', 'b1000001-0000-4000-8000-000000000002', 'c1000001-0000-4000-8000-000000000002', '2026-04-11', 'Madrugada'),
    ('f1000001-0000-4000-8000-000000000186', 'b1000001-0000-4000-8000-000000000002', 'c1000001-0000-4000-8000-000000000002', '2026-04-12', 'Manhã'),
    ('f1000001-0000-4000-8000-000000000187', 'b1000001-0000-4000-8000-000000000002', 'c1000001-0000-4000-8000-000000000002', '2026-04-16', 'Manhã'),
    ('f1000001-0000-4000-8000-000000000188', 'b1000001-0000-4000-8000-000000000002', 'c1000001-0000-4000-8000-000000000002', '2026-04-17', 'Tarde'),
    ('f1000001-0000-4000-8000-000000000189', 'b1000001-0000-4000-8000-000000000002', 'c1000001-0000-4000-8000-000000000002', '2026-04-19', 'Madrugada'),
    ('f1000001-0000-4000-8000-000000000190', 'b1000001-0000-4000-8000-000000000002', 'c1000001-0000-4000-8000-000000000002', '2026-04-22', 'Noite'),
    ('f1000001-0000-4000-8000-000000000191', 'b1000001-0000-4000-8000-000000000002', 'c1000001-0000-4000-8000-000000000002', '2026-04-23', 'Madrugada'),
    ('f1000001-0000-4000-8000-000000000192', 'b1000001-0000-4000-8000-000000000002', 'c1000001-0000-4000-8000-000000000002', '2026-04-24', 'Manhã'),
    ('f1000001-0000-4000-8000-000000000193', 'b1000001-0000-4000-8000-000000000002', 'c1000001-0000-4000-8000-000000000002', '2026-04-29', 'Tarde'),
    ('f1000001-0000-4000-8000-000000000194', 'b1000001-0000-4000-8000-000000000003', 'c1000001-0000-4000-8000-000000000005', '2026-04-01', 'Tarde'),
    ('f1000001-0000-4000-8000-000000000195', 'b1000001-0000-4000-8000-000000000003', 'c1000001-0000-4000-8000-000000000005', '2026-04-02', 'Noite'),
    ('f1000001-0000-4000-8000-000000000196', 'b1000001-0000-4000-8000-000000000003', 'c1000001-0000-4000-8000-000000000005', '2026-04-03', 'Madrugada'),
    ('f1000001-0000-4000-8000-000000000197', 'b1000001-0000-4000-8000-000000000003', 'c1000001-0000-4000-8000-000000000005', '2026-04-04', 'Manhã'),
    ('f1000001-0000-4000-8000-000000000198', 'b1000001-0000-4000-8000-000000000003', 'c1000001-0000-4000-8000-000000000005', '2026-04-06', 'Noite'),
    ('f1000001-0000-4000-8000-000000000199', 'b1000001-0000-4000-8000-000000000003', 'c1000001-0000-4000-8000-000000000005', '2026-04-08', 'Manhã'),
    ('f1000001-0000-4000-8000-000000000200', 'b1000001-0000-4000-8000-000000000003', 'c1000001-0000-4000-8000-000000000005', '2026-04-11', 'Madrugada'),
    ('f1000001-0000-4000-8000-000000000201', 'b1000001-0000-4000-8000-000000000003', 'c1000001-0000-4000-8000-000000000005', '2026-04-12', 'Manhã'),
    ('f1000001-0000-4000-8000-000000000202', 'b1000001-0000-4000-8000-000000000003', 'c1000001-0000-4000-8000-000000000005', '2026-04-16', 'Manhã'),
    ('f1000001-0000-4000-8000-000000000203', 'b1000001-0000-4000-8000-000000000003', 'c1000001-0000-4000-8000-000000000005', '2026-04-17', 'Tarde'),
    ('f1000001-0000-4000-8000-000000000204', 'b1000001-0000-4000-8000-000000000003', 'c1000001-0000-4000-8000-000000000005', '2026-04-19', 'Madrugada'),
    ('f1000001-0000-4000-8000-000000000205', 'b1000001-0000-4000-8000-000000000003', 'c1000001-0000-4000-8000-000000000005', '2026-04-22', 'Noite'),
    ('f1000001-0000-4000-8000-000000000206', 'b1000001-0000-4000-8000-000000000003', 'c1000001-0000-4000-8000-000000000005', '2026-04-23', 'Madrugada'),
    ('f1000001-0000-4000-8000-000000000207', 'b1000001-0000-4000-8000-000000000003', 'c1000001-0000-4000-8000-000000000005', '2026-04-24', 'Manhã'),
    ('f1000001-0000-4000-8000-000000000208', 'b1000001-0000-4000-8000-000000000003', 'c1000001-0000-4000-8000-000000000005', '2026-04-29', 'Tarde'),
    ('f1000001-0000-4000-8000-000000000209', 'b1000001-0000-4000-8000-000000000004', 'c1000001-0000-4000-8000-000000000003', '2026-04-01', 'Tarde'),
    ('f1000001-0000-4000-8000-000000000210', 'b1000001-0000-4000-8000-000000000004', 'c1000001-0000-4000-8000-000000000004', '2026-04-01', 'Noite'),
    ('f1000001-0000-4000-8000-000000000211', 'b1000001-0000-4000-8000-000000000004', 'c1000001-0000-4000-8000-000000000003', '2026-04-02', 'Noite'),
    ('f1000001-0000-4000-8000-000000000212', 'b1000001-0000-4000-8000-000000000004', 'c1000001-0000-4000-8000-000000000004', '2026-04-02', 'Madrugada'),
    ('f1000001-0000-4000-8000-000000000213', 'b1000001-0000-4000-8000-000000000004', 'c1000001-0000-4000-8000-000000000003', '2026-04-03', 'Madrugada'),
    ('f1000001-0000-4000-8000-000000000214', 'b1000001-0000-4000-8000-000000000004', 'c1000001-0000-4000-8000-000000000004', '2026-04-03', 'Manhã'),
    ('f1000001-0000-4000-8000-000000000215', 'b1000001-0000-4000-8000-000000000004', 'c1000001-0000-4000-8000-000000000003', '2026-04-04', 'Manhã'),
    ('f1000001-0000-4000-8000-000000000216', 'b1000001-0000-4000-8000-000000000004', 'c1000001-0000-4000-8000-000000000004', '2026-04-05', 'Noite'),
    ('f1000001-0000-4000-8000-000000000217', 'b1000001-0000-4000-8000-000000000004', 'c1000001-0000-4000-8000-000000000003', '2026-04-06', 'Noite'),
    ('f1000001-0000-4000-8000-000000000218', 'b1000001-0000-4000-8000-000000000004', 'c1000001-0000-4000-8000-000000000004', '2026-04-06', 'Madrugada'),
    ('f1000001-0000-4000-8000-000000000219', 'b1000001-0000-4000-8000-000000000004', 'c1000001-0000-4000-8000-000000000003', '2026-04-08', 'Manhã'),
    ('f1000001-0000-4000-8000-000000000220', 'b1000001-0000-4000-8000-000000000004', 'c1000001-0000-4000-8000-000000000003', '2026-04-09', 'Tarde'),
    ('f1000001-0000-4000-8000-000000000221', 'b1000001-0000-4000-8000-000000000004', 'c1000001-0000-4000-8000-000000000004', '2026-04-10', 'Madrugada'),
    ('f1000001-0000-4000-8000-000000000222', 'b1000001-0000-4000-8000-000000000004', 'c1000001-0000-4000-8000-000000000003', '2026-04-11', 'Madrugada'),
    ('f1000001-0000-4000-8000-000000000223', 'b1000001-0000-4000-8000-000000000004', 'c1000001-0000-4000-8000-000000000004', '2026-04-11', 'Manhã'),
    ('f1000001-0000-4000-8000-000000000224', 'b1000001-0000-4000-8000-000000000004', 'c1000001-0000-4000-8000-000000000003', '2026-04-12', 'Manhã'),
    ('f1000001-0000-4000-8000-000000000225', 'b1000001-0000-4000-8000-000000000004', 'c1000001-0000-4000-8000-000000000004', '2026-04-15', 'Manhã'),
    ('f1000001-0000-4000-8000-000000000226', 'b1000001-0000-4000-8000-000000000004', 'c1000001-0000-4000-8000-000000000003', '2026-04-16', 'Manhã'),
    ('f1000001-0000-4000-8000-000000000227', 'b1000001-0000-4000-8000-000000000004', 'c1000001-0000-4000-8000-000000000003', '2026-04-17', 'Tarde'),
    ('f1000001-0000-4000-8000-000000000228', 'b1000001-0000-4000-8000-000000000004', 'c1000001-0000-4000-8000-000000000004', '2026-04-17', 'Noite'),
    ('f1000001-0000-4000-8000-000000000229', 'b1000001-0000-4000-8000-000000000004', 'c1000001-0000-4000-8000-000000000003', '2026-04-18', 'Noite'),
    ('f1000001-0000-4000-8000-000000000230', 'b1000001-0000-4000-8000-000000000004', 'c1000001-0000-4000-8000-000000000003', '2026-04-19', 'Madrugada'),
    ('f1000001-0000-4000-8000-000000000231', 'b1000001-0000-4000-8000-000000000004', 'c1000001-0000-4000-8000-000000000004', '2026-04-19', 'Manhã'),
    ('f1000001-0000-4000-8000-000000000232', 'b1000001-0000-4000-8000-000000000004', 'c1000001-0000-4000-8000-000000000003', '2026-04-22', 'Noite'),
    ('f1000001-0000-4000-8000-000000000233', 'b1000001-0000-4000-8000-000000000004', 'c1000001-0000-4000-8000-000000000004', '2026-04-22', 'Madrugada'),
    ('f1000001-0000-4000-8000-000000000234', 'b1000001-0000-4000-8000-000000000004', 'c1000001-0000-4000-8000-000000000003', '2026-04-23', 'Madrugada'),
    ('f1000001-0000-4000-8000-000000000235', 'b1000001-0000-4000-8000-000000000004', 'c1000001-0000-4000-8000-000000000004', '2026-04-23', 'Manhã'),
    ('f1000001-0000-4000-8000-000000000236', 'b1000001-0000-4000-8000-000000000004', 'c1000001-0000-4000-8000-000000000003', '2026-04-24', 'Manhã'),
    ('f1000001-0000-4000-8000-000000000237', 'b1000001-0000-4000-8000-000000000004', 'c1000001-0000-4000-8000-000000000004', '2026-04-25', 'Noite'),
    ('f1000001-0000-4000-8000-000000000238', 'b1000001-0000-4000-8000-000000000004', 'c1000001-0000-4000-8000-000000000003', '2026-04-27', 'Madrugada'),
    ('f1000001-0000-4000-8000-000000000239', 'b1000001-0000-4000-8000-000000000004', 'c1000001-0000-4000-8000-000000000003', '2026-04-29', 'Tarde'),
    ('f1000001-0000-4000-8000-000000000240', 'b1000001-0000-4000-8000-000000000004', 'c1000001-0000-4000-8000-000000000004', '2026-04-29', 'Noite'),
    ('f1000001-0000-4000-8000-000000000241', 'b1000001-0000-4000-8000-000000000004', 'c1000001-0000-4000-8000-000000000004', '2026-04-30', 'Madrugada'),
    ('f1000001-0000-4000-8000-000000000242', 'b1000001-0000-4000-8000-000000000005', 'c1000001-0000-4000-8000-000000000009', '2026-04-01', 'Tarde'),
    ('f1000001-0000-4000-8000-000000000243', 'b1000001-0000-4000-8000-000000000005', 'c1000001-0000-4000-8000-000000000009', '2026-04-02', 'Noite'),
    ('f1000001-0000-4000-8000-000000000244', 'b1000001-0000-4000-8000-000000000005', 'c1000001-0000-4000-8000-000000000009', '2026-04-03', 'Madrugada'),
    ('f1000001-0000-4000-8000-000000000245', 'b1000001-0000-4000-8000-000000000005', 'c1000001-0000-4000-8000-000000000009', '2026-04-04', 'Manhã'),
    ('f1000001-0000-4000-8000-000000000246', 'b1000001-0000-4000-8000-000000000005', 'c1000001-0000-4000-8000-000000000009', '2026-04-06', 'Noite'),
    ('f1000001-0000-4000-8000-000000000247', 'b1000001-0000-4000-8000-000000000005', 'c1000001-0000-4000-8000-000000000009', '2026-04-08', 'Manhã'),
    ('f1000001-0000-4000-8000-000000000248', 'b1000001-0000-4000-8000-000000000005', 'c1000001-0000-4000-8000-000000000009', '2026-04-11', 'Madrugada'),
    ('f1000001-0000-4000-8000-000000000249', 'b1000001-0000-4000-8000-000000000005', 'c1000001-0000-4000-8000-000000000009', '2026-04-12', 'Manhã'),
    ('f1000001-0000-4000-8000-000000000250', 'b1000001-0000-4000-8000-000000000005', 'c1000001-0000-4000-8000-000000000009', '2026-04-16', 'Manhã'),
    ('f1000001-0000-4000-8000-000000000251', 'b1000001-0000-4000-8000-000000000005', 'c1000001-0000-4000-8000-000000000009', '2026-04-17', 'Tarde'),
    ('f1000001-0000-4000-8000-000000000252', 'b1000001-0000-4000-8000-000000000005', 'c1000001-0000-4000-8000-000000000009', '2026-04-19', 'Madrugada'),
    ('f1000001-0000-4000-8000-000000000253', 'b1000001-0000-4000-8000-000000000005', 'c1000001-0000-4000-8000-000000000009', '2026-04-22', 'Noite'),
    ('f1000001-0000-4000-8000-000000000254', 'b1000001-0000-4000-8000-000000000005', 'c1000001-0000-4000-8000-000000000009', '2026-04-23', 'Madrugada'),
    ('f1000001-0000-4000-8000-000000000255', 'b1000001-0000-4000-8000-000000000005', 'c1000001-0000-4000-8000-000000000009', '2026-04-24', 'Manhã'),
    ('f1000001-0000-4000-8000-000000000256', 'b1000001-0000-4000-8000-000000000005', 'c1000001-0000-4000-8000-000000000009', '2026-04-29', 'Tarde'),
    ('f1000001-0000-4000-8000-000000000257', 'b1000001-0000-4000-8000-000000000006', 'c1000001-0000-4000-8000-000000000007', '2026-04-01', 'Tarde'),
    ('f1000001-0000-4000-8000-000000000258', 'b1000001-0000-4000-8000-000000000006', 'c1000001-0000-4000-8000-000000000007', '2026-04-02', 'Noite'),
    ('f1000001-0000-4000-8000-000000000259', 'b1000001-0000-4000-8000-000000000006', 'c1000001-0000-4000-8000-000000000007', '2026-04-03', 'Madrugada'),
    ('f1000001-0000-4000-8000-000000000260', 'b1000001-0000-4000-8000-000000000006', 'c1000001-0000-4000-8000-000000000007', '2026-04-04', 'Manhã'),
    ('f1000001-0000-4000-8000-000000000261', 'b1000001-0000-4000-8000-000000000006', 'c1000001-0000-4000-8000-000000000007', '2026-04-06', 'Noite'),
    ('f1000001-0000-4000-8000-000000000262', 'b1000001-0000-4000-8000-000000000006', 'c1000001-0000-4000-8000-000000000007', '2026-04-08', 'Manhã'),
    ('f1000001-0000-4000-8000-000000000263', 'b1000001-0000-4000-8000-000000000006', 'c1000001-0000-4000-8000-000000000007', '2026-04-11', 'Madrugada'),
    ('f1000001-0000-4000-8000-000000000264', 'b1000001-0000-4000-8000-000000000006', 'c1000001-0000-4000-8000-000000000007', '2026-04-12', 'Manhã'),
    ('f1000001-0000-4000-8000-000000000265', 'b1000001-0000-4000-8000-000000000006', 'c1000001-0000-4000-8000-000000000007', '2026-04-16', 'Manhã'),
    ('f1000001-0000-4000-8000-000000000266', 'b1000001-0000-4000-8000-000000000006', 'c1000001-0000-4000-8000-000000000007', '2026-04-17', 'Tarde'),
    ('f1000001-0000-4000-8000-000000000267', 'b1000001-0000-4000-8000-000000000006', 'c1000001-0000-4000-8000-000000000007', '2026-04-19', 'Madrugada'),
    ('f1000001-0000-4000-8000-000000000268', 'b1000001-0000-4000-8000-000000000006', 'c1000001-0000-4000-8000-000000000007', '2026-04-22', 'Noite'),
    ('f1000001-0000-4000-8000-000000000269', 'b1000001-0000-4000-8000-000000000006', 'c1000001-0000-4000-8000-000000000007', '2026-04-23', 'Madrugada'),
    ('f1000001-0000-4000-8000-000000000270', 'b1000001-0000-4000-8000-000000000006', 'c1000001-0000-4000-8000-000000000007', '2026-04-24', 'Manhã'),
    ('f1000001-0000-4000-8000-000000000271', 'b1000001-0000-4000-8000-000000000006', 'c1000001-0000-4000-8000-000000000007', '2026-04-29', 'Tarde'),
    ('f1000001-0000-4000-8000-000000000272', 'b1000001-0000-4000-8000-000000000007', 'c1000001-0000-4000-8000-000000000008', '2026-04-01', 'Tarde'),
    ('f1000001-0000-4000-8000-000000000273', 'b1000001-0000-4000-8000-000000000007', 'c1000001-0000-4000-8000-000000000008', '2026-04-02', 'Noite'),
    ('f1000001-0000-4000-8000-000000000274', 'b1000001-0000-4000-8000-000000000007', 'c1000001-0000-4000-8000-000000000008', '2026-04-03', 'Madrugada'),
    ('f1000001-0000-4000-8000-000000000275', 'b1000001-0000-4000-8000-000000000007', 'c1000001-0000-4000-8000-000000000008', '2026-04-04', 'Manhã'),
    ('f1000001-0000-4000-8000-000000000276', 'b1000001-0000-4000-8000-000000000007', 'c1000001-0000-4000-8000-000000000008', '2026-04-06', 'Noite'),
    ('f1000001-0000-4000-8000-000000000277', 'b1000001-0000-4000-8000-000000000007', 'c1000001-0000-4000-8000-000000000008', '2026-04-08', 'Manhã'),
    ('f1000001-0000-4000-8000-000000000278', 'b1000001-0000-4000-8000-000000000007', 'c1000001-0000-4000-8000-000000000008', '2026-04-11', 'Madrugada'),
    ('f1000001-0000-4000-8000-000000000279', 'b1000001-0000-4000-8000-000000000007', 'c1000001-0000-4000-8000-000000000008', '2026-04-12', 'Manhã'),
    ('f1000001-0000-4000-8000-000000000280', 'b1000001-0000-4000-8000-000000000007', 'c1000001-0000-4000-8000-000000000008', '2026-04-16', 'Manhã'),
    ('f1000001-0000-4000-8000-000000000281', 'b1000001-0000-4000-8000-000000000007', 'c1000001-0000-4000-8000-000000000008', '2026-04-17', 'Tarde'),
    ('f1000001-0000-4000-8000-000000000282', 'b1000001-0000-4000-8000-000000000007', 'c1000001-0000-4000-8000-000000000008', '2026-04-19', 'Madrugada'),
    ('f1000001-0000-4000-8000-000000000283', 'b1000001-0000-4000-8000-000000000007', 'c1000001-0000-4000-8000-000000000008', '2026-04-22', 'Noite'),
    ('f1000001-0000-4000-8000-000000000284', 'b1000001-0000-4000-8000-000000000007', 'c1000001-0000-4000-8000-000000000008', '2026-04-23', 'Madrugada'),
    ('f1000001-0000-4000-8000-000000000285', 'b1000001-0000-4000-8000-000000000007', 'c1000001-0000-4000-8000-000000000008', '2026-04-24', 'Manhã'),
    ('f1000001-0000-4000-8000-000000000286', 'b1000001-0000-4000-8000-000000000007', 'c1000001-0000-4000-8000-000000000008', '2026-04-29', 'Tarde'),
    ('f1000001-0000-4000-8000-000000000287', 'b1000001-0000-4000-8000-000000000008', 'c1000001-0000-4000-8000-000000000006', '2026-04-01', 'Tarde'),
    ('f1000001-0000-4000-8000-000000000288', 'b1000001-0000-4000-8000-000000000008', 'c1000001-0000-4000-8000-000000000006', '2026-04-02', 'Noite'),
    ('f1000001-0000-4000-8000-000000000289', 'b1000001-0000-4000-8000-000000000008', 'c1000001-0000-4000-8000-000000000006', '2026-04-03', 'Madrugada'),
    ('f1000001-0000-4000-8000-000000000290', 'b1000001-0000-4000-8000-000000000008', 'c1000001-0000-4000-8000-000000000006', '2026-04-04', 'Manhã'),
    ('f1000001-0000-4000-8000-000000000291', 'b1000001-0000-4000-8000-000000000008', 'c1000001-0000-4000-8000-000000000006', '2026-04-06', 'Noite'),
    ('f1000001-0000-4000-8000-000000000292', 'b1000001-0000-4000-8000-000000000008', 'c1000001-0000-4000-8000-000000000006', '2026-04-08', 'Manhã'),
    ('f1000001-0000-4000-8000-000000000293', 'b1000001-0000-4000-8000-000000000008', 'c1000001-0000-4000-8000-000000000006', '2026-04-11', 'Madrugada'),
    ('f1000001-0000-4000-8000-000000000294', 'b1000001-0000-4000-8000-000000000008', 'c1000001-0000-4000-8000-000000000006', '2026-04-12', 'Manhã'),
    ('f1000001-0000-4000-8000-000000000295', 'b1000001-0000-4000-8000-000000000008', 'c1000001-0000-4000-8000-000000000006', '2026-04-16', 'Manhã'),
    ('f1000001-0000-4000-8000-000000000296', 'b1000001-0000-4000-8000-000000000008', 'c1000001-0000-4000-8000-000000000006', '2026-04-17', 'Tarde'),
    ('f1000001-0000-4000-8000-000000000297', 'b1000001-0000-4000-8000-000000000008', 'c1000001-0000-4000-8000-000000000006', '2026-04-19', 'Madrugada'),
    ('f1000001-0000-4000-8000-000000000298', 'b1000001-0000-4000-8000-000000000008', 'c1000001-0000-4000-8000-000000000006', '2026-04-22', 'Noite'),
    ('f1000001-0000-4000-8000-000000000299', 'b1000001-0000-4000-8000-000000000008', 'c1000001-0000-4000-8000-000000000006', '2026-04-23', 'Madrugada'),
    ('f1000001-0000-4000-8000-000000000300', 'b1000001-0000-4000-8000-000000000008', 'c1000001-0000-4000-8000-000000000006', '2026-04-24', 'Manhã'),
    ('f1000001-0000-4000-8000-000000000301', 'b1000001-0000-4000-8000-000000000008', 'c1000001-0000-4000-8000-000000000006', '2026-04-29', 'Tarde'),
    ('f1000001-0000-4000-8000-000000000302', 'b1000001-0000-4000-8000-000000000009', 'c1000001-0000-4000-8000-000000000010', '2026-04-01', 'Tarde'),
    ('f1000001-0000-4000-8000-000000000303', 'b1000001-0000-4000-8000-000000000009', 'c1000001-0000-4000-8000-000000000010', '2026-04-02', 'Noite'),
    ('f1000001-0000-4000-8000-000000000304', 'b1000001-0000-4000-8000-000000000009', 'c1000001-0000-4000-8000-000000000010', '2026-04-03', 'Madrugada'),
    ('f1000001-0000-4000-8000-000000000305', 'b1000001-0000-4000-8000-000000000009', 'c1000001-0000-4000-8000-000000000010', '2026-04-04', 'Manhã'),
    ('f1000001-0000-4000-8000-000000000306', 'b1000001-0000-4000-8000-000000000009', 'c1000001-0000-4000-8000-000000000010', '2026-04-06', 'Noite'),
    ('f1000001-0000-4000-8000-000000000307', 'b1000001-0000-4000-8000-000000000009', 'c1000001-0000-4000-8000-000000000010', '2026-04-08', 'Manhã'),
    ('f1000001-0000-4000-8000-000000000308', 'b1000001-0000-4000-8000-000000000009', 'c1000001-0000-4000-8000-000000000010', '2026-04-11', 'Madrugada'),
    ('f1000001-0000-4000-8000-000000000309', 'b1000001-0000-4000-8000-000000000009', 'c1000001-0000-4000-8000-000000000010', '2026-04-12', 'Manhã'),
    ('f1000001-0000-4000-8000-000000000310', 'b1000001-0000-4000-8000-000000000009', 'c1000001-0000-4000-8000-000000000010', '2026-04-16', 'Manhã'),
    ('f1000001-0000-4000-8000-000000000311', 'b1000001-0000-4000-8000-000000000009', 'c1000001-0000-4000-8000-000000000010', '2026-04-17', 'Tarde'),
    ('f1000001-0000-4000-8000-000000000312', 'b1000001-0000-4000-8000-000000000009', 'c1000001-0000-4000-8000-000000000010', '2026-04-19', 'Madrugada'),
    ('f1000001-0000-4000-8000-000000000313', 'b1000001-0000-4000-8000-000000000009', 'c1000001-0000-4000-8000-000000000010', '2026-04-22', 'Noite'),
    ('f1000001-0000-4000-8000-000000000314', 'b1000001-0000-4000-8000-000000000009', 'c1000001-0000-4000-8000-000000000010', '2026-04-23', 'Madrugada'),
    ('f1000001-0000-4000-8000-000000000315', 'b1000001-0000-4000-8000-000000000009', 'c1000001-0000-4000-8000-000000000010', '2026-04-24', 'Manhã'),
    ('f1000001-0000-4000-8000-000000000316', 'b1000001-0000-4000-8000-000000000009', 'c1000001-0000-4000-8000-000000000010', '2026-04-29', 'Tarde');

-- Calendário demo: março e abril/2026, todas as unidades. Furos por dia do mês (múltiplos de 7 ou 13).
-- Só o INSERT de escala (sem CREATE/unidades/médicos): model/escala_demo_mar_abr_2026.sql
