-- Módulo médico: unidades (UF), medicos (10), escala (mar/2026, com "furos")
-- Rode no SQL Editor do Supabase (banco vazio ou após DROP das mesmas tabelas).
-- No app: DISABLE_PREDICTOR_SCHEDULER=true no .env evita erros se não houver tasy_raw_history/disponibilidade.
CREATE EXTENSION IF NOT EXISTS "uuid-ossp";

CREATE TABLE IF NOT EXISTS unidades (
    id UUID PRIMARY KEY DEFAULT gen_random_uuid(),
    nome TEXT NOT NULL,
    endereco TEXT,
    capacidade_media_atendimento INT DEFAULT 10,
    created_at TIMESTAMPTZ DEFAULT NOW()
);

CREATE TABLE IF NOT EXISTS medicos (
    id UUID PRIMARY KEY DEFAULT gen_random_uuid(),
    nome TEXT NOT NULL,
    telefone TEXT,
    especialidade TEXT NOT NULL,
    crm TEXT UNIQUE NOT NULL,
    senha TEXT,
    unidade_fixa_id UUID REFERENCES unidades (id) ON DELETE SET NULL,
    atendimento_padrao_por_periodo INT DEFAULT 10,
    created_at TIMESTAMPTZ DEFAULT NOW()
);

CREATE TABLE IF NOT EXISTS medico_acessos_unidade (
    id UUID PRIMARY KEY DEFAULT gen_random_uuid(),
    medico_id UUID NOT NULL REFERENCES medicos (id) ON DELETE CASCADE,
    unidade_id UUID NOT NULL REFERENCES unidades (id) ON DELETE CASCADE,
    created_at TIMESTAMPTZ DEFAULT NOW(),
    UNIQUE (medico_id, unidade_id)
);

CREATE TABLE IF NOT EXISTS escala (
    id UUID PRIMARY KEY DEFAULT gen_random_uuid(),
    unidade_id UUID NOT NULL REFERENCES unidades (id) ON DELETE CASCADE,
    medico_id UUID NOT NULL REFERENCES medicos (id) ON DELETE CASCADE,
    data_plantao DATE NOT NULL,
    turno TEXT NOT NULL,
    created_at TIMESTAMPTZ DEFAULT NOW(),
    UNIQUE (unidade_id, data_plantao, turno, medico_id)
);

INSERT INTO unidades (id, nome, endereco, capacidade_media_atendimento)
VALUES
    ('b1000001-0000-4000-8000-000000000001', 'ES', 'Regional Espírito Santo', 10),
    ('b1000001-0000-4000-8000-000000000002', 'RJ', 'Regional Rio de Janeiro', 10),
    ('b1000001-0000-4000-8000-000000000003', 'SP', 'Regional São Paulo', 10),
    ('b1000001-0000-4000-8000-000000000004', 'MG', 'Regional Minas Gerais', 10),
    ('b1000001-0000-4000-8000-000000000005', 'BA', 'Regional Bahia', 10),
    ('b1000001-0000-4000-8000-000000000006', 'PR', 'Regional Paraná', 10)
ON CONFLICT (id) DO NOTHING;

INSERT INTO medicos (id, nome, crm, telefone, especialidade, unidade_fixa_id, senha, atendimento_padrao_por_periodo)
VALUES
    ('c1000001-0000-4000-8000-000000000001', 'Ana Paula Ferreira', '10001-ES', '(27) 98888-1001', 'Clínica Médica', 'b1000001-0000-4000-8000-000000000001', '12345', 10),
    ('c1000001-0000-4000-8000-000000000002', 'Bruno Almeida Costa', '10002-ES', '(27) 97777-1002', 'Pediatria', 'b1000001-0000-4000-8000-000000000001', '12345', 10),
    ('c1000001-0000-4000-8000-000000000003', 'Carla Mendes Rocha', '20001-RJ', '(21) 96666-2003', 'Emergência', 'b1000001-0000-4000-8000-000000000002', '12345', 10),
    ('c1000001-0000-4000-8000-000000000004', 'Daniel Ribeiro Santos', '20002-RJ', '(21) 95555-2004', 'Cardiologia', 'b1000001-0000-4000-8000-000000000002', '12345', 10),
    ('c1000001-0000-4000-8000-000000000005', 'Eduarda Lima Oliveira', '30001-SP', '(11) 94444-3005', 'Clínica Médica', 'b1000001-0000-4000-8000-000000000003', '12345', 10),
    ('c1000001-0000-4000-8000-000000000006', 'Felipe Nogueira Dias', '30002-SP', '(11) 93333-3006', 'Ortopedia', 'b1000001-0000-4000-8000-000000000003', '12345', 10),
    ('c1000001-0000-4000-8000-000000000007', 'Gabriela Souza Pinto', '40001-MG', '(31) 92222-4007', 'Pediatria', 'b1000001-0000-4000-8000-000000000004', '12345', 10),
    ('c1000001-0000-4000-8000-000000000008', 'Henrique Castro Melo', '40002-MG', '(31) 91111-4008', 'Emergência', 'b1000001-0000-4000-8000-000000000004', '12345', 10),
    ('c1000001-0000-4000-8000-000000000009', 'Isabela Freitas Araújo', '50001-BA', '(71) 90000-5009', 'Clínica Médica', 'b1000001-0000-4000-8000-000000000005', '12345', 10),
    ('c1000001-0000-4000-8000-000000000010', 'João Victor Prado', '60001-PR', '(41) 98888-6010', 'Cirurgia Geral', 'b1000001-0000-4000-8000-000000000006', '12345', 10)
ON CONFLICT (id) DO NOTHING;

INSERT INTO escala (id, unidade_id, medico_id, data_plantao, turno)
VALUES
    ('f1000001-0000-4000-8000-000000000001', 'b1000001-0000-4000-8000-000000000001', 'c1000001-0000-4000-8000-000000000001', '2026-03-01', 'Tarde'),
    ('f1000001-0000-4000-8000-000000000002', 'b1000001-0000-4000-8000-000000000001', 'c1000001-0000-4000-8000-000000000002', '2026-03-01', 'Noite'),
    ('f1000001-0000-4000-8000-000000000003', 'b1000001-0000-4000-8000-000000000001', 'c1000001-0000-4000-8000-000000000001', '2026-03-02', 'Noite'),
    ('f1000001-0000-4000-8000-000000000004', 'b1000001-0000-4000-8000-000000000001', 'c1000001-0000-4000-8000-000000000002', '2026-03-02', 'Madrugada'),
    ('f1000001-0000-4000-8000-000000000005', 'b1000001-0000-4000-8000-000000000001', 'c1000001-0000-4000-8000-000000000001', '2026-03-03', 'Madrugada'),
    ('f1000001-0000-4000-8000-000000000006', 'b1000001-0000-4000-8000-000000000001', 'c1000001-0000-4000-8000-000000000002', '2026-03-03', 'Manhã'),
    ('f1000001-0000-4000-8000-000000000007', 'b1000001-0000-4000-8000-000000000001', 'c1000001-0000-4000-8000-000000000001', '2026-03-04', 'Manhã'),
    ('f1000001-0000-4000-8000-000000000008', 'b1000001-0000-4000-8000-000000000001', 'c1000001-0000-4000-8000-000000000002', '2026-03-05', 'Noite'),
    ('f1000001-0000-4000-8000-000000000009', 'b1000001-0000-4000-8000-000000000001', 'c1000001-0000-4000-8000-000000000001', '2026-03-06', 'Noite'),
    ('f1000001-0000-4000-8000-000000000010', 'b1000001-0000-4000-8000-000000000001', 'c1000001-0000-4000-8000-000000000002', '2026-03-06', 'Madrugada'),
    ('f1000001-0000-4000-8000-000000000011', 'b1000001-0000-4000-8000-000000000001', 'c1000001-0000-4000-8000-000000000001', '2026-03-08', 'Manhã'),
    ('f1000001-0000-4000-8000-000000000012', 'b1000001-0000-4000-8000-000000000001', 'c1000001-0000-4000-8000-000000000001', '2026-03-09', 'Tarde'),
    ('f1000001-0000-4000-8000-000000000013', 'b1000001-0000-4000-8000-000000000001', 'c1000001-0000-4000-8000-000000000002', '2026-03-10', 'Madrugada'),
    ('f1000001-0000-4000-8000-000000000014', 'b1000001-0000-4000-8000-000000000001', 'c1000001-0000-4000-8000-000000000001', '2026-03-11', 'Madrugada'),
    ('f1000001-0000-4000-8000-000000000015', 'b1000001-0000-4000-8000-000000000001', 'c1000001-0000-4000-8000-000000000002', '2026-03-11', 'Manhã'),
    ('f1000001-0000-4000-8000-000000000016', 'b1000001-0000-4000-8000-000000000001', 'c1000001-0000-4000-8000-000000000001', '2026-03-12', 'Manhã'),
    ('f1000001-0000-4000-8000-000000000017', 'b1000001-0000-4000-8000-000000000001', 'c1000001-0000-4000-8000-000000000002', '2026-03-15', 'Manhã'),
    ('f1000001-0000-4000-8000-000000000018', 'b1000001-0000-4000-8000-000000000001', 'c1000001-0000-4000-8000-000000000001', '2026-03-16', 'Manhã'),
    ('f1000001-0000-4000-8000-000000000019', 'b1000001-0000-4000-8000-000000000001', 'c1000001-0000-4000-8000-000000000001', '2026-03-17', 'Tarde'),
    ('f1000001-0000-4000-8000-000000000020', 'b1000001-0000-4000-8000-000000000001', 'c1000001-0000-4000-8000-000000000002', '2026-03-17', 'Noite'),
    ('f1000001-0000-4000-8000-000000000021', 'b1000001-0000-4000-8000-000000000001', 'c1000001-0000-4000-8000-000000000001', '2026-03-18', 'Noite'),
    ('f1000001-0000-4000-8000-000000000022', 'b1000001-0000-4000-8000-000000000001', 'c1000001-0000-4000-8000-000000000001', '2026-03-19', 'Madrugada'),
    ('f1000001-0000-4000-8000-000000000023', 'b1000001-0000-4000-8000-000000000001', 'c1000001-0000-4000-8000-000000000002', '2026-03-19', 'Manhã'),
    ('f1000001-0000-4000-8000-000000000024', 'b1000001-0000-4000-8000-000000000001', 'c1000001-0000-4000-8000-000000000001', '2026-03-22', 'Noite'),
    ('f1000001-0000-4000-8000-000000000025', 'b1000001-0000-4000-8000-000000000001', 'c1000001-0000-4000-8000-000000000002', '2026-03-22', 'Madrugada'),
    ('f1000001-0000-4000-8000-000000000026', 'b1000001-0000-4000-8000-000000000001', 'c1000001-0000-4000-8000-000000000001', '2026-03-23', 'Madrugada'),
    ('f1000001-0000-4000-8000-000000000027', 'b1000001-0000-4000-8000-000000000001', 'c1000001-0000-4000-8000-000000000002', '2026-03-23', 'Manhã'),
    ('f1000001-0000-4000-8000-000000000028', 'b1000001-0000-4000-8000-000000000001', 'c1000001-0000-4000-8000-000000000001', '2026-03-24', 'Manhã'),
    ('f1000001-0000-4000-8000-000000000029', 'b1000001-0000-4000-8000-000000000001', 'c1000001-0000-4000-8000-000000000002', '2026-03-25', 'Noite'),
    ('f1000001-0000-4000-8000-000000000030', 'b1000001-0000-4000-8000-000000000001', 'c1000001-0000-4000-8000-000000000001', '2026-03-27', 'Madrugada'),
    ('f1000001-0000-4000-8000-000000000031', 'b1000001-0000-4000-8000-000000000001', 'c1000001-0000-4000-8000-000000000001', '2026-03-29', 'Tarde'),
    ('f1000001-0000-4000-8000-000000000032', 'b1000001-0000-4000-8000-000000000001', 'c1000001-0000-4000-8000-000000000002', '2026-03-29', 'Noite'),
    ('f1000001-0000-4000-8000-000000000033', 'b1000001-0000-4000-8000-000000000001', 'c1000001-0000-4000-8000-000000000002', '2026-03-30', 'Madrugada'),
    ('f1000001-0000-4000-8000-000000000034', 'b1000001-0000-4000-8000-000000000001', 'c1000001-0000-4000-8000-000000000001', '2026-03-31', 'Madrugada'),
    ('f1000001-0000-4000-8000-000000000035', 'b1000001-0000-4000-8000-000000000001', 'c1000001-0000-4000-8000-000000000002', '2026-03-31', 'Manhã'),
    ('f1000001-0000-4000-8000-000000000036', 'b1000001-0000-4000-8000-000000000002', 'c1000001-0000-4000-8000-000000000003', '2026-03-01', 'Tarde'),
    ('f1000001-0000-4000-8000-000000000037', 'b1000001-0000-4000-8000-000000000002', 'c1000001-0000-4000-8000-000000000004', '2026-03-01', 'Noite'),
    ('f1000001-0000-4000-8000-000000000038', 'b1000001-0000-4000-8000-000000000002', 'c1000001-0000-4000-8000-000000000003', '2026-03-02', 'Noite'),
    ('f1000001-0000-4000-8000-000000000039', 'b1000001-0000-4000-8000-000000000002', 'c1000001-0000-4000-8000-000000000004', '2026-03-02', 'Madrugada'),
    ('f1000001-0000-4000-8000-000000000040', 'b1000001-0000-4000-8000-000000000002', 'c1000001-0000-4000-8000-000000000003', '2026-03-03', 'Madrugada'),
    ('f1000001-0000-4000-8000-000000000041', 'b1000001-0000-4000-8000-000000000002', 'c1000001-0000-4000-8000-000000000004', '2026-03-03', 'Manhã'),
    ('f1000001-0000-4000-8000-000000000042', 'b1000001-0000-4000-8000-000000000002', 'c1000001-0000-4000-8000-000000000003', '2026-03-04', 'Manhã'),
    ('f1000001-0000-4000-8000-000000000043', 'b1000001-0000-4000-8000-000000000002', 'c1000001-0000-4000-8000-000000000004', '2026-03-05', 'Noite'),
    ('f1000001-0000-4000-8000-000000000044', 'b1000001-0000-4000-8000-000000000002', 'c1000001-0000-4000-8000-000000000003', '2026-03-06', 'Noite'),
    ('f1000001-0000-4000-8000-000000000045', 'b1000001-0000-4000-8000-000000000002', 'c1000001-0000-4000-8000-000000000004', '2026-03-06', 'Madrugada'),
    ('f1000001-0000-4000-8000-000000000046', 'b1000001-0000-4000-8000-000000000002', 'c1000001-0000-4000-8000-000000000003', '2026-03-08', 'Manhã'),
    ('f1000001-0000-4000-8000-000000000047', 'b1000001-0000-4000-8000-000000000002', 'c1000001-0000-4000-8000-000000000003', '2026-03-09', 'Tarde'),
    ('f1000001-0000-4000-8000-000000000048', 'b1000001-0000-4000-8000-000000000002', 'c1000001-0000-4000-8000-000000000004', '2026-03-10', 'Madrugada'),
    ('f1000001-0000-4000-8000-000000000049', 'b1000001-0000-4000-8000-000000000002', 'c1000001-0000-4000-8000-000000000003', '2026-03-11', 'Madrugada'),
    ('f1000001-0000-4000-8000-000000000050', 'b1000001-0000-4000-8000-000000000002', 'c1000001-0000-4000-8000-000000000004', '2026-03-11', 'Manhã'),
    ('f1000001-0000-4000-8000-000000000051', 'b1000001-0000-4000-8000-000000000002', 'c1000001-0000-4000-8000-000000000003', '2026-03-12', 'Manhã'),
    ('f1000001-0000-4000-8000-000000000052', 'b1000001-0000-4000-8000-000000000002', 'c1000001-0000-4000-8000-000000000004', '2026-03-15', 'Manhã'),
    ('f1000001-0000-4000-8000-000000000053', 'b1000001-0000-4000-8000-000000000002', 'c1000001-0000-4000-8000-000000000003', '2026-03-16', 'Manhã'),
    ('f1000001-0000-4000-8000-000000000054', 'b1000001-0000-4000-8000-000000000002', 'c1000001-0000-4000-8000-000000000003', '2026-03-17', 'Tarde'),
    ('f1000001-0000-4000-8000-000000000055', 'b1000001-0000-4000-8000-000000000002', 'c1000001-0000-4000-8000-000000000004', '2026-03-17', 'Noite'),
    ('f1000001-0000-4000-8000-000000000056', 'b1000001-0000-4000-8000-000000000002', 'c1000001-0000-4000-8000-000000000003', '2026-03-18', 'Noite'),
    ('f1000001-0000-4000-8000-000000000057', 'b1000001-0000-4000-8000-000000000002', 'c1000001-0000-4000-8000-000000000003', '2026-03-19', 'Madrugada'),
    ('f1000001-0000-4000-8000-000000000058', 'b1000001-0000-4000-8000-000000000002', 'c1000001-0000-4000-8000-000000000004', '2026-03-19', 'Manhã'),
    ('f1000001-0000-4000-8000-000000000059', 'b1000001-0000-4000-8000-000000000002', 'c1000001-0000-4000-8000-000000000003', '2026-03-22', 'Noite'),
    ('f1000001-0000-4000-8000-000000000060', 'b1000001-0000-4000-8000-000000000002', 'c1000001-0000-4000-8000-000000000004', '2026-03-22', 'Madrugada'),
    ('f1000001-0000-4000-8000-000000000061', 'b1000001-0000-4000-8000-000000000002', 'c1000001-0000-4000-8000-000000000003', '2026-03-23', 'Madrugada'),
    ('f1000001-0000-4000-8000-000000000062', 'b1000001-0000-4000-8000-000000000002', 'c1000001-0000-4000-8000-000000000004', '2026-03-23', 'Manhã'),
    ('f1000001-0000-4000-8000-000000000063', 'b1000001-0000-4000-8000-000000000002', 'c1000001-0000-4000-8000-000000000003', '2026-03-24', 'Manhã'),
    ('f1000001-0000-4000-8000-000000000064', 'b1000001-0000-4000-8000-000000000002', 'c1000001-0000-4000-8000-000000000004', '2026-03-25', 'Noite'),
    ('f1000001-0000-4000-8000-000000000065', 'b1000001-0000-4000-8000-000000000002', 'c1000001-0000-4000-8000-000000000003', '2026-03-27', 'Madrugada'),
    ('f1000001-0000-4000-8000-000000000066', 'b1000001-0000-4000-8000-000000000002', 'c1000001-0000-4000-8000-000000000003', '2026-03-29', 'Tarde'),
    ('f1000001-0000-4000-8000-000000000067', 'b1000001-0000-4000-8000-000000000002', 'c1000001-0000-4000-8000-000000000004', '2026-03-29', 'Noite'),
    ('f1000001-0000-4000-8000-000000000068', 'b1000001-0000-4000-8000-000000000002', 'c1000001-0000-4000-8000-000000000004', '2026-03-30', 'Madrugada'),
    ('f1000001-0000-4000-8000-000000000069', 'b1000001-0000-4000-8000-000000000002', 'c1000001-0000-4000-8000-000000000003', '2026-03-31', 'Madrugada'),
    ('f1000001-0000-4000-8000-000000000070', 'b1000001-0000-4000-8000-000000000002', 'c1000001-0000-4000-8000-000000000004', '2026-03-31', 'Manhã'),
    ('f1000001-0000-4000-8000-000000000071', 'b1000001-0000-4000-8000-000000000003', 'c1000001-0000-4000-8000-000000000005', '2026-03-01', 'Tarde'),
    ('f1000001-0000-4000-8000-000000000072', 'b1000001-0000-4000-8000-000000000003', 'c1000001-0000-4000-8000-000000000006', '2026-03-01', 'Noite'),
    ('f1000001-0000-4000-8000-000000000073', 'b1000001-0000-4000-8000-000000000003', 'c1000001-0000-4000-8000-000000000005', '2026-03-02', 'Noite'),
    ('f1000001-0000-4000-8000-000000000074', 'b1000001-0000-4000-8000-000000000003', 'c1000001-0000-4000-8000-000000000006', '2026-03-02', 'Madrugada'),
    ('f1000001-0000-4000-8000-000000000075', 'b1000001-0000-4000-8000-000000000003', 'c1000001-0000-4000-8000-000000000005', '2026-03-03', 'Madrugada'),
    ('f1000001-0000-4000-8000-000000000076', 'b1000001-0000-4000-8000-000000000003', 'c1000001-0000-4000-8000-000000000006', '2026-03-03', 'Manhã'),
    ('f1000001-0000-4000-8000-000000000077', 'b1000001-0000-4000-8000-000000000003', 'c1000001-0000-4000-8000-000000000005', '2026-03-04', 'Manhã'),
    ('f1000001-0000-4000-8000-000000000078', 'b1000001-0000-4000-8000-000000000003', 'c1000001-0000-4000-8000-000000000006', '2026-03-05', 'Noite'),
    ('f1000001-0000-4000-8000-000000000079', 'b1000001-0000-4000-8000-000000000003', 'c1000001-0000-4000-8000-000000000005', '2026-03-06', 'Noite'),
    ('f1000001-0000-4000-8000-000000000080', 'b1000001-0000-4000-8000-000000000003', 'c1000001-0000-4000-8000-000000000006', '2026-03-06', 'Madrugada'),
    ('f1000001-0000-4000-8000-000000000081', 'b1000001-0000-4000-8000-000000000003', 'c1000001-0000-4000-8000-000000000005', '2026-03-08', 'Manhã'),
    ('f1000001-0000-4000-8000-000000000082', 'b1000001-0000-4000-8000-000000000003', 'c1000001-0000-4000-8000-000000000005', '2026-03-09', 'Tarde'),
    ('f1000001-0000-4000-8000-000000000083', 'b1000001-0000-4000-8000-000000000003', 'c1000001-0000-4000-8000-000000000006', '2026-03-10', 'Madrugada'),
    ('f1000001-0000-4000-8000-000000000084', 'b1000001-0000-4000-8000-000000000003', 'c1000001-0000-4000-8000-000000000005', '2026-03-11', 'Madrugada'),
    ('f1000001-0000-4000-8000-000000000085', 'b1000001-0000-4000-8000-000000000003', 'c1000001-0000-4000-8000-000000000006', '2026-03-11', 'Manhã'),
    ('f1000001-0000-4000-8000-000000000086', 'b1000001-0000-4000-8000-000000000003', 'c1000001-0000-4000-8000-000000000005', '2026-03-12', 'Manhã'),
    ('f1000001-0000-4000-8000-000000000087', 'b1000001-0000-4000-8000-000000000003', 'c1000001-0000-4000-8000-000000000006', '2026-03-15', 'Manhã'),
    ('f1000001-0000-4000-8000-000000000088', 'b1000001-0000-4000-8000-000000000003', 'c1000001-0000-4000-8000-000000000005', '2026-03-16', 'Manhã'),
    ('f1000001-0000-4000-8000-000000000089', 'b1000001-0000-4000-8000-000000000003', 'c1000001-0000-4000-8000-000000000005', '2026-03-17', 'Tarde'),
    ('f1000001-0000-4000-8000-000000000090', 'b1000001-0000-4000-8000-000000000003', 'c1000001-0000-4000-8000-000000000006', '2026-03-17', 'Noite'),
    ('f1000001-0000-4000-8000-000000000091', 'b1000001-0000-4000-8000-000000000003', 'c1000001-0000-4000-8000-000000000005', '2026-03-18', 'Noite'),
    ('f1000001-0000-4000-8000-000000000092', 'b1000001-0000-4000-8000-000000000003', 'c1000001-0000-4000-8000-000000000005', '2026-03-19', 'Madrugada'),
    ('f1000001-0000-4000-8000-000000000093', 'b1000001-0000-4000-8000-000000000003', 'c1000001-0000-4000-8000-000000000006', '2026-03-19', 'Manhã'),
    ('f1000001-0000-4000-8000-000000000094', 'b1000001-0000-4000-8000-000000000003', 'c1000001-0000-4000-8000-000000000005', '2026-03-22', 'Noite'),
    ('f1000001-0000-4000-8000-000000000095', 'b1000001-0000-4000-8000-000000000003', 'c1000001-0000-4000-8000-000000000006', '2026-03-22', 'Madrugada'),
    ('f1000001-0000-4000-8000-000000000096', 'b1000001-0000-4000-8000-000000000003', 'c1000001-0000-4000-8000-000000000005', '2026-03-23', 'Madrugada'),
    ('f1000001-0000-4000-8000-000000000097', 'b1000001-0000-4000-8000-000000000003', 'c1000001-0000-4000-8000-000000000006', '2026-03-23', 'Manhã'),
    ('f1000001-0000-4000-8000-000000000098', 'b1000001-0000-4000-8000-000000000003', 'c1000001-0000-4000-8000-000000000005', '2026-03-24', 'Manhã'),
    ('f1000001-0000-4000-8000-000000000099', 'b1000001-0000-4000-8000-000000000003', 'c1000001-0000-4000-8000-000000000006', '2026-03-25', 'Noite'),
    ('f1000001-0000-4000-8000-000000000100', 'b1000001-0000-4000-8000-000000000003', 'c1000001-0000-4000-8000-000000000005', '2026-03-27', 'Madrugada'),
    ('f1000001-0000-4000-8000-000000000101', 'b1000001-0000-4000-8000-000000000003', 'c1000001-0000-4000-8000-000000000005', '2026-03-29', 'Tarde'),
    ('f1000001-0000-4000-8000-000000000102', 'b1000001-0000-4000-8000-000000000003', 'c1000001-0000-4000-8000-000000000006', '2026-03-29', 'Noite'),
    ('f1000001-0000-4000-8000-000000000103', 'b1000001-0000-4000-8000-000000000003', 'c1000001-0000-4000-8000-000000000006', '2026-03-30', 'Madrugada'),
    ('f1000001-0000-4000-8000-000000000104', 'b1000001-0000-4000-8000-000000000003', 'c1000001-0000-4000-8000-000000000005', '2026-03-31', 'Madrugada'),
    ('f1000001-0000-4000-8000-000000000105', 'b1000001-0000-4000-8000-000000000003', 'c1000001-0000-4000-8000-000000000006', '2026-03-31', 'Manhã'),
    ('f1000001-0000-4000-8000-000000000106', 'b1000001-0000-4000-8000-000000000004', 'c1000001-0000-4000-8000-000000000007', '2026-03-01', 'Tarde'),
    ('f1000001-0000-4000-8000-000000000107', 'b1000001-0000-4000-8000-000000000004', 'c1000001-0000-4000-8000-000000000008', '2026-03-01', 'Noite'),
    ('f1000001-0000-4000-8000-000000000108', 'b1000001-0000-4000-8000-000000000004', 'c1000001-0000-4000-8000-000000000007', '2026-03-02', 'Noite'),
    ('f1000001-0000-4000-8000-000000000109', 'b1000001-0000-4000-8000-000000000004', 'c1000001-0000-4000-8000-000000000008', '2026-03-02', 'Madrugada'),
    ('f1000001-0000-4000-8000-000000000110', 'b1000001-0000-4000-8000-000000000004', 'c1000001-0000-4000-8000-000000000007', '2026-03-03', 'Madrugada'),
    ('f1000001-0000-4000-8000-000000000111', 'b1000001-0000-4000-8000-000000000004', 'c1000001-0000-4000-8000-000000000008', '2026-03-03', 'Manhã'),
    ('f1000001-0000-4000-8000-000000000112', 'b1000001-0000-4000-8000-000000000004', 'c1000001-0000-4000-8000-000000000007', '2026-03-04', 'Manhã'),
    ('f1000001-0000-4000-8000-000000000113', 'b1000001-0000-4000-8000-000000000004', 'c1000001-0000-4000-8000-000000000008', '2026-03-05', 'Noite'),
    ('f1000001-0000-4000-8000-000000000114', 'b1000001-0000-4000-8000-000000000004', 'c1000001-0000-4000-8000-000000000007', '2026-03-06', 'Noite'),
    ('f1000001-0000-4000-8000-000000000115', 'b1000001-0000-4000-8000-000000000004', 'c1000001-0000-4000-8000-000000000008', '2026-03-06', 'Madrugada'),
    ('f1000001-0000-4000-8000-000000000116', 'b1000001-0000-4000-8000-000000000004', 'c1000001-0000-4000-8000-000000000007', '2026-03-08', 'Manhã'),
    ('f1000001-0000-4000-8000-000000000117', 'b1000001-0000-4000-8000-000000000004', 'c1000001-0000-4000-8000-000000000007', '2026-03-09', 'Tarde'),
    ('f1000001-0000-4000-8000-000000000118', 'b1000001-0000-4000-8000-000000000004', 'c1000001-0000-4000-8000-000000000008', '2026-03-10', 'Madrugada'),
    ('f1000001-0000-4000-8000-000000000119', 'b1000001-0000-4000-8000-000000000004', 'c1000001-0000-4000-8000-000000000007', '2026-03-11', 'Madrugada'),
    ('f1000001-0000-4000-8000-000000000120', 'b1000001-0000-4000-8000-000000000004', 'c1000001-0000-4000-8000-000000000008', '2026-03-11', 'Manhã'),
    ('f1000001-0000-4000-8000-000000000121', 'b1000001-0000-4000-8000-000000000004', 'c1000001-0000-4000-8000-000000000007', '2026-03-12', 'Manhã'),
    ('f1000001-0000-4000-8000-000000000122', 'b1000001-0000-4000-8000-000000000004', 'c1000001-0000-4000-8000-000000000008', '2026-03-15', 'Manhã'),
    ('f1000001-0000-4000-8000-000000000123', 'b1000001-0000-4000-8000-000000000004', 'c1000001-0000-4000-8000-000000000007', '2026-03-16', 'Manhã'),
    ('f1000001-0000-4000-8000-000000000124', 'b1000001-0000-4000-8000-000000000004', 'c1000001-0000-4000-8000-000000000007', '2026-03-17', 'Tarde'),
    ('f1000001-0000-4000-8000-000000000125', 'b1000001-0000-4000-8000-000000000004', 'c1000001-0000-4000-8000-000000000008', '2026-03-17', 'Noite'),
    ('f1000001-0000-4000-8000-000000000126', 'b1000001-0000-4000-8000-000000000004', 'c1000001-0000-4000-8000-000000000007', '2026-03-18', 'Noite'),
    ('f1000001-0000-4000-8000-000000000127', 'b1000001-0000-4000-8000-000000000004', 'c1000001-0000-4000-8000-000000000007', '2026-03-19', 'Madrugada'),
    ('f1000001-0000-4000-8000-000000000128', 'b1000001-0000-4000-8000-000000000004', 'c1000001-0000-4000-8000-000000000008', '2026-03-19', 'Manhã'),
    ('f1000001-0000-4000-8000-000000000129', 'b1000001-0000-4000-8000-000000000004', 'c1000001-0000-4000-8000-000000000007', '2026-03-22', 'Noite'),
    ('f1000001-0000-4000-8000-000000000130', 'b1000001-0000-4000-8000-000000000004', 'c1000001-0000-4000-8000-000000000008', '2026-03-22', 'Madrugada'),
    ('f1000001-0000-4000-8000-000000000131', 'b1000001-0000-4000-8000-000000000004', 'c1000001-0000-4000-8000-000000000007', '2026-03-23', 'Madrugada'),
    ('f1000001-0000-4000-8000-000000000132', 'b1000001-0000-4000-8000-000000000004', 'c1000001-0000-4000-8000-000000000008', '2026-03-23', 'Manhã'),
    ('f1000001-0000-4000-8000-000000000133', 'b1000001-0000-4000-8000-000000000004', 'c1000001-0000-4000-8000-000000000007', '2026-03-24', 'Manhã'),
    ('f1000001-0000-4000-8000-000000000134', 'b1000001-0000-4000-8000-000000000004', 'c1000001-0000-4000-8000-000000000008', '2026-03-25', 'Noite'),
    ('f1000001-0000-4000-8000-000000000135', 'b1000001-0000-4000-8000-000000000004', 'c1000001-0000-4000-8000-000000000007', '2026-03-27', 'Madrugada'),
    ('f1000001-0000-4000-8000-000000000136', 'b1000001-0000-4000-8000-000000000004', 'c1000001-0000-4000-8000-000000000007', '2026-03-29', 'Tarde'),
    ('f1000001-0000-4000-8000-000000000137', 'b1000001-0000-4000-8000-000000000004', 'c1000001-0000-4000-8000-000000000008', '2026-03-29', 'Noite'),
    ('f1000001-0000-4000-8000-000000000138', 'b1000001-0000-4000-8000-000000000004', 'c1000001-0000-4000-8000-000000000008', '2026-03-30', 'Madrugada'),
    ('f1000001-0000-4000-8000-000000000139', 'b1000001-0000-4000-8000-000000000004', 'c1000001-0000-4000-8000-000000000007', '2026-03-31', 'Madrugada'),
    ('f1000001-0000-4000-8000-000000000140', 'b1000001-0000-4000-8000-000000000004', 'c1000001-0000-4000-8000-000000000008', '2026-03-31', 'Manhã'),
    ('f1000001-0000-4000-8000-000000000141', 'b1000001-0000-4000-8000-000000000005', 'c1000001-0000-4000-8000-000000000009', '2026-03-01', 'Tarde'),
    ('f1000001-0000-4000-8000-000000000142', 'b1000001-0000-4000-8000-000000000005', 'c1000001-0000-4000-8000-000000000009', '2026-03-02', 'Noite'),
    ('f1000001-0000-4000-8000-000000000143', 'b1000001-0000-4000-8000-000000000005', 'c1000001-0000-4000-8000-000000000009', '2026-03-03', 'Madrugada'),
    ('f1000001-0000-4000-8000-000000000144', 'b1000001-0000-4000-8000-000000000005', 'c1000001-0000-4000-8000-000000000009', '2026-03-04', 'Manhã'),
    ('f1000001-0000-4000-8000-000000000145', 'b1000001-0000-4000-8000-000000000005', 'c1000001-0000-4000-8000-000000000009', '2026-03-06', 'Noite'),
    ('f1000001-0000-4000-8000-000000000146', 'b1000001-0000-4000-8000-000000000005', 'c1000001-0000-4000-8000-000000000009', '2026-03-08', 'Manhã'),
    ('f1000001-0000-4000-8000-000000000147', 'b1000001-0000-4000-8000-000000000005', 'c1000001-0000-4000-8000-000000000009', '2026-03-11', 'Madrugada'),
    ('f1000001-0000-4000-8000-000000000148', 'b1000001-0000-4000-8000-000000000005', 'c1000001-0000-4000-8000-000000000009', '2026-03-12', 'Manhã'),
    ('f1000001-0000-4000-8000-000000000149', 'b1000001-0000-4000-8000-000000000005', 'c1000001-0000-4000-8000-000000000009', '2026-03-16', 'Manhã'),
    ('f1000001-0000-4000-8000-000000000150', 'b1000001-0000-4000-8000-000000000005', 'c1000001-0000-4000-8000-000000000009', '2026-03-17', 'Tarde'),
    ('f1000001-0000-4000-8000-000000000151', 'b1000001-0000-4000-8000-000000000005', 'c1000001-0000-4000-8000-000000000009', '2026-03-19', 'Madrugada'),
    ('f1000001-0000-4000-8000-000000000152', 'b1000001-0000-4000-8000-000000000005', 'c1000001-0000-4000-8000-000000000009', '2026-03-22', 'Noite'),
    ('f1000001-0000-4000-8000-000000000153', 'b1000001-0000-4000-8000-000000000005', 'c1000001-0000-4000-8000-000000000009', '2026-03-23', 'Madrugada'),
    ('f1000001-0000-4000-8000-000000000154', 'b1000001-0000-4000-8000-000000000005', 'c1000001-0000-4000-8000-000000000009', '2026-03-24', 'Manhã'),
    ('f1000001-0000-4000-8000-000000000155', 'b1000001-0000-4000-8000-000000000005', 'c1000001-0000-4000-8000-000000000009', '2026-03-29', 'Tarde'),
    ('f1000001-0000-4000-8000-000000000156', 'b1000001-0000-4000-8000-000000000005', 'c1000001-0000-4000-8000-000000000009', '2026-03-31', 'Madrugada'),
    ('f1000001-0000-4000-8000-000000000157', 'b1000001-0000-4000-8000-000000000006', 'c1000001-0000-4000-8000-000000000010', '2026-03-01', 'Tarde'),
    ('f1000001-0000-4000-8000-000000000158', 'b1000001-0000-4000-8000-000000000006', 'c1000001-0000-4000-8000-000000000010', '2026-03-02', 'Noite'),
    ('f1000001-0000-4000-8000-000000000159', 'b1000001-0000-4000-8000-000000000006', 'c1000001-0000-4000-8000-000000000010', '2026-03-03', 'Madrugada'),
    ('f1000001-0000-4000-8000-000000000160', 'b1000001-0000-4000-8000-000000000006', 'c1000001-0000-4000-8000-000000000010', '2026-03-04', 'Manhã'),
    ('f1000001-0000-4000-8000-000000000161', 'b1000001-0000-4000-8000-000000000006', 'c1000001-0000-4000-8000-000000000010', '2026-03-06', 'Noite'),
    ('f1000001-0000-4000-8000-000000000162', 'b1000001-0000-4000-8000-000000000006', 'c1000001-0000-4000-8000-000000000010', '2026-03-08', 'Manhã'),
    ('f1000001-0000-4000-8000-000000000163', 'b1000001-0000-4000-8000-000000000006', 'c1000001-0000-4000-8000-000000000010', '2026-03-11', 'Madrugada'),
    ('f1000001-0000-4000-8000-000000000164', 'b1000001-0000-4000-8000-000000000006', 'c1000001-0000-4000-8000-000000000010', '2026-03-12', 'Manhã'),
    ('f1000001-0000-4000-8000-000000000165', 'b1000001-0000-4000-8000-000000000006', 'c1000001-0000-4000-8000-000000000010', '2026-03-16', 'Manhã'),
    ('f1000001-0000-4000-8000-000000000166', 'b1000001-0000-4000-8000-000000000006', 'c1000001-0000-4000-8000-000000000010', '2026-03-17', 'Tarde'),
    ('f1000001-0000-4000-8000-000000000167', 'b1000001-0000-4000-8000-000000000006', 'c1000001-0000-4000-8000-000000000010', '2026-03-19', 'Madrugada'),
    ('f1000001-0000-4000-8000-000000000168', 'b1000001-0000-4000-8000-000000000006', 'c1000001-0000-4000-8000-000000000010', '2026-03-22', 'Noite'),
    ('f1000001-0000-4000-8000-000000000169', 'b1000001-0000-4000-8000-000000000006', 'c1000001-0000-4000-8000-000000000010', '2026-03-23', 'Madrugada'),
    ('f1000001-0000-4000-8000-000000000170', 'b1000001-0000-4000-8000-000000000006', 'c1000001-0000-4000-8000-000000000010', '2026-03-24', 'Manhã'),
    ('f1000001-0000-4000-8000-000000000171', 'b1000001-0000-4000-8000-000000000006', 'c1000001-0000-4000-8000-000000000010', '2026-03-29', 'Tarde'),
    ('f1000001-0000-4000-8000-000000000172', 'b1000001-0000-4000-8000-000000000006', 'c1000001-0000-4000-8000-000000000010', '2026-03-31', 'Madrugada');

-- Calendário demo: março/2026. Dias 7, 13, 14, 20, 21, 28 sem linhas (furos); vários turnos/dia sem médico.
